IDEmpresa;Nombre Comercial;Web;Dirección;C.P.;Localidad;Provincia;HEART OF SPAIN
107;BODEGA CUATRO RAYAS;www.cuatrorayas.es;CARRETERA RODILANA S/N;47491;SECA (LA);VALLADOLID;
418;BODEGAS MONTE LA REINA;www.montelareina.es;CARRETERA TORO-ZAMORA KM. 436,7;49881;TORO;ZAMORA;
948;COMERCIAL AGRICOLA RIOJANA;www.carsa.net;AVENIDA PORTUGAL 27;47100;TORDESILLAS;VALLADOLID;
964;GRUPO COPESE;www.eresma.es y www.grupocopese.com;POL. INDUSTRIAL LA SALINA C/ EDUARDO CAPA 1;40480;COCA;SEGOVIA;
1115;DESPIECES Y MANIPULADOS MAVIMAR;www.delicatessenmavimar.com;AVENIDA NUESTRA SEÑORA DEL PRADO S/N;34429;SAN CEBRIAN DE CAMPOS;PALENCIA;
1290;EMBUTIDOS BALLESTEROS;www.embutidosballesteros.es;CARRETERA NACIONAL 122 KM. 424 S/N;49800;TORO;ZAMORA;
1578;MIEL LA PICOREA;www.miellapicorea.es;CALLE LANCHAR S/N;05620;CARRERA (LA);AVILA;
1679;HERMANOS OBLANCA;www.oblanca.es;POL. INDUSTRIAL ONZONILLA C/ 3 PARC. G9;24231;ONZONILLA;LEON;
1795;HORTAFERCAR;"www.hortafercar.es;   www.hortafercar.wordpress.com";POL. INDUSTRIAL 304 CMNO. DE CUELLAR S/N PARC. 5063;40241;CHATUN;SEGOVIA;
2200;LA ARTESA SELECCION;www.laartesaseleccion.com;CARRETERA DE VILECHA, EDIFICIO MILAN, NAVE 11;24009;LEON;LEON;
2395;MUÑOZ GONZALEZ, JOSE ANTONIO;;CAMINO DE MUDRIAN S/N;40240;GOMEZSERRACIN;SEGOVIA;
2599;PASTEL SORIA;www.pastelsoria.com;POL. INDUSTRIAL LAS CASAS TRAVESIA E PARC. 116;42005;SORIA;SORIA;
2761;LEGUMBRES PARAMO LEONES;www.selectoscampomar.com;CALLE MUELAS 16;24224;CABREROS DEL RIO;LEON;
2962;QUESOS CAMPOS GOTICOS;www.camposgoticos.com;CALLE DISEMINADOS 16 24;34305;VILLERIAS DE CAMPOS;PALENCIA;
3072;SEÑORIO DE BOCOS;www.senoriodebocos.com;CAMINO LA CANALEJA S/N;47317;BOCOS DE DUERO;VALLADOLID;
15136;PATATAS FRITAS DE SORIA GARIJO BAIGORRI;www.patatasfritasdesoria.com;POL. INDUSTRIAL LAS CASAS C/D PARC. 18A;42005;SORIA;SORIA;
32562;BODEGA SOLTERRA;www.cvsolterra.com;CARRETERA ROA PEDROSA KM. 1,2;09300;ROA;BURGOS;
33185;JAMONES Y EMBUTIDOS HERMANOS MARTIN SANCHEZ;www.hermanosmartinsanchez.com;CALLE SIERRA DE BEJAR PARC. 36 POLIG. AGROALIMENTARIO DE GUIJUELO;37700;GUIJUELO;SALAMANCA;
33420;QUESERIA LOS PAYUELOS;www.queserialospayuelos.es;CALLE ALBERQUES 4;24920;SAELICES DEL PAYUELO;LEON;
33941;CERVEZAS VIRTUS;www.cervezasvirtus.es;CALLE MERINDAD DE MONTIJA NAVE 16. POLIGONO DE VILLALONQUEJAR;09001;BURGOS;BURGOS;
35695;BODEGA JAVIER RUIZ;www.bodegasjavierruiz.com;PLAZA CONSTITUCION 3;47239;VILLANUEVA DE DUERO;VALLADOLID;
36316;BODEGA SEVERINO SANZ;www.bodegaseverinosanz.es;CALLE DEL RIO S/N;40542;MONTEJO DE LA VEGA DE LA SERREZUELA;SEGOVIA;
38715;PISTACYL;www.pistacyl.com;CALLE LAGARTILLOS 2;47450;POZAL DE GALLINAS;VALLADOLID;
38895;BODEGAS ARIABAL;www.bodegaspandora.com;CARRETERA RUEDA-NAVA DEL REY KM. 1;47490;RUEDA;VALLADOLID;
39775;DEHESA CASABLANCA;https://dehesacasablanca.com/;CALLE LAGUNA NEGRA (POLIGONO INDUSTRIAL MONTALVO II) 25 PARC 107;37008;POLIGONO EL MONTALVO (MONTALVO (EL));SALAMANCA;
59;CONSEJO REGULADOR I.G.P. LECHAZO DE CASTILLA Y LEON;www.lechazodecastillayleon.es;CARRETERA LA ALDEHUELA 23;49021;ZAMORA;ZAMORA;
79;ABADIA DE ACON;www.abadiadeacon.com;CARRETERA DE ONTANGAS S/N;09391;CASTRILLO DE LA VEGA;BURGOS;
487;BODEGAS DE LOS RIOS PRIETO;www.bodegasdelosriosprieto.com;CARRETERA RENEDO S/N;47315;PESQUERA DE DUERO;VALLADOLID;
594;BODEGAS VALLE DE MONZON;www.vallemonzon.com;CALLE PARAJE EL SALEGAR S/N;09370;QUINTANA DEL PIDIO;BURGOS;
712;HORTALIZAS CANDIDO;www.hortalizascandido.com;CAMINO  MOZONCILLO S/N;40270;CARBONERO EL MAYOR;SEGOVIA;
772;FAMILIA LOPEZ PUERTO;www.lopezpuerto.com;POL. INDUSTRIAL CASTELLANOS MORISCOS PARC. 101A;37439;CASTELLANOS DE MORISCOS;SALAMANCA;
1017;CAMPESINA TORMES;www.campesinatormes.com;CALLE ARRIEROS 5 (APDO. DE CORREOS 40);05600;BARCO DE AVILA (EL);AVILA;
1110;DELAGON;www.delagon.com;CALLE DAVID HERNANDEZ 6-8;37770;GUIJUELO;SALAMANCA;
1193;QUESERIA ARTESANA EL ZAMORRAL;www.elzamorral.com;CALLE MOZAR 5;49620;SANTA CRISTINA DE LA POLVOROSA;ZAMORA;
1293;EMILIO ESTEBAN;www.emilioesteban.com;CARRETERA VALLADOLID-TORTOLES KM. 7,5;47170;RENEDO DE ESGUEVA;VALLADOLID;
1604;GRANJA RUALMAR;"www.rualmar.com; www.huevospitas.es";CARRETERA LA MAGDALENA S/N;24649;OLLEROS DE ALBA;LEON;
1843;EMBUTIDOS QUIÑONES;www.elarconleones.com;CALLE LA CUESTA 1;24395;CELADA;LEON;
1853;PEÑAFRIA;www.penafria.com;POL. INDUSTRIAL NUESTRA SEÑORA DE LOS ANGELES C/ SEVILLA PARC. 12;34004;PALENCIA;PALENCIA;
1854;INDUSTRIAS CARNICAS PRIETO LOPEZ;www.embutidosbierzo.com;CALLE FINCA LOS PRADOS S/N;24545;CUETO;LEON;
1898;JAMONES ALJOMAR;www.aljomar.es;POL. INDUSTRIAL  I-2  C/ RIO DUERO S/N PARC. 3A5;37770;GUIJUELO;SALAMANCA;
1902;JAMONES EL CHARRO;www.jamoneselcharro.es;CALLE JOSE HERNANDEZ 2;37657;SOTOSERRANO;SALAMANCA;
1964;EMBUTIDOS LEDESMA;www.embutidosledesma.com;POL. INDUSTRIAL LOS LLANOS AVDA. DE LEON PARC. 27;49027;ZAMORA;ZAMORA;
1987;LA ALCANCIA;www.la-alcancia.com;CALLE LA CANTARA 48;24358;VILLORIA DE ORBIGO;LEON;
2378;MORALEJO SELECCION;www.moralejoseleccion.es;CARRETERA TORDESILLAS N-122 KM. 449,5;49530;CORESES;ZAMORA;
2474;PALACIO DE LERMA;www.palaciodelerma.com;CARRETERA MADRID-IRUN KM. 203;09340;LERMA;BURGOS;
2944;BODEGAS GRUPO YLLERA;www.grupoyllera.com www.elhilodeariadna.es;CARRETERA A-6 MADRID-LA CORUÑA KM. 173,5;47490;RUEDA;VALLADOLID;
3266;BODEGAS GARCIA FIGUERO;www.tintofiguero.com;CARRETERA LA HORRA-ROA KM. 2,2;09311;HORRA (LA);BURGOS;
9368;DEL VAL GARCIA, LUIS MIGUEL;;CALLE HOSPITAL 5;09471;FUENTELCESPED;BURGOS;
30322;ABEJA BURGALESA;www.abejaburgalesa.com;CALLE PARQUE EMPRESARIAL INBISA LANDA EDIFICIO B NAVE 15;09001;BURGOS;BURGOS;
33260;QUESERIA VALDECABRAS;www.queseriavaldecabras.es;CALLE PARAJE LOS ROYARES S/N;05480;CANDELEDA;AVILA;
33337;QUESOS VALLELLANO;www.quesosvallellano.com;CALLE LOS ALARIFES 11;37300;PEÑARANDA DE BRACAMONTE;SALAMANCA;
33400;EMBUTIDOS ARTESANOS DE VILLAFUERTES;www.embutidosvillafuertes.com;CALLE LAVADEROS 7;09339;VILLAFUERTES;BURGOS;
33680;GRUPO VALDECUEVAS;www.valdecuevas.es;CAMINO BUENAVENTURA 1;47800;MEDINA DE RIOSECO;VALLADOLID;
33942;HEREDAD DE URUEÑA;www.heredaduruena.com;CARRETERA DE TORO-MEDINA KM. 21300;47862;URUEÑA;VALLADOLID;
35122;BODEGAS EL INICIO;www.bodegaselinicio.com;CALLE TERUEL 10;09400;ARANDA DE DUERO;BURGOS;
35851;HELADOS FEDE CUESTA;http://www.heladoscuesta.es/index.html;CALLE DISEMINADOS S/N;34114;VELILLAS DEL DUQUE;PALENCIA;
37111;QUESOS EL MOLINERO;www.quesoselmolinero.com;CARRETERA CENTENERA 2;40191;ESPIRDO;SEGOVIA;
38395;CLAUVAL ARTESANOS;http://www.clauvalartesanos.es/;CALLE DEMOCRACIA 17;47155;SANTOVENIA DE PISUERGA;VALLADOLID;
38655;EMBUTIDOS CILLAMAYOR;www.embutidoscillamayor.es;CALLE LAS ESCUELAS 1;34829;CILLAMAYOR;PALENCIA;
39615;WAMBA NUTS;;CALLE ESTADIO 7  1 B;47006;VALLADOLID;VALLADOLID;
190;CONFITERIA ALMARZA;www.confiteriaalmarza.com;CALLE ARCO DE LA VILLA 4;42200;ALMAZAN;SORIA;
272;QUESERIA ARTESANAL DE SACRAMENIA;www.queseriasacramenia.es;CALLE ERAS DE SAN ESTEBAN S/N;40237;SACRAMENIA;SEGOVIA;
354;BEHER;www.beher.com;CALLE ORIENTE 11;37770;GUIJUELO;SALAMANCA;
379;BODEGA COOPERATIVA DE CIGALES;https://bodegacigales.es/;CALLE LAS BODEGAS 3;47270;CIGALES;VALLADOLID;
574;BODEGAS SINFORIANO;www.sinforianobodegas.com;CARRETERA VILLALBA KM. 1;47194;MUCIENTES;VALLADOLID;
596;VALPINCIA;www.vinosdelaluz.com;CARRETERA PEÑAFIEL-MELIDA KM. 3,5;47300;PEÑAFIEL;VALLADOLID;
1007;CONSORCIO;www.lechedeoveja.com;CARRETERA ZAMORA-PALENCIA KM. 49;49630;VILLALPANDO;ZAMORA;AUTORIZADO
1187;EL GRAN CARDENAL;www.elgrancardenal.com;CALLE CAÑADA DE EXTREMADURA 9;47400;MEDINA DEL CAMPO;VALLADOLID;AUTORIZADO
1289;EMBUTIDOS ZAPATERO RAMOS;www.embutidoszapatero.com;CALLE LAS BODEGAS 21;49619;SAN PEDRO DE LA VIÑA;ZAMORA;
1294;EMJAMESA IBERICOS;www.emjamesaibericos.com;POL. INDUSTRIAL EL INESTAL MANZANA 2 PARC. 25;37300;PEÑARANDA DE BRACAMONTE;SALAMANCA;
1330;EXPLOTACIONES AVICOLAS GARCIA PUENTE;www.garciapuente.com;CAMINO DE SANGUJERO S/N;47410;OLMEDO;VALLADOLID;
1393;MIEL FEYCE;https://maeshoney.com;CARRETERA VECINOS KM. 8,2;37187;ALDEATEJADA;SALAMANCA;
1580;MORCILLAS AGUEDA;www.morcillasdesotopalacios.com;POL. INDUSTRIAL HORMIGONES MARCOS NAVE 6;09140;SOTOPALACIOS;BURGOS;
1968;JUAN MANUEL HERNANDEZ;www.jamonesjuanmanuel.com;CARRETERA CAMPILLO SAN JUAN BAUTISTA 20;37770;GUIJUELO;SALAMANCA;
2699;POMAR VIÑEDOS;www.pomardeburgos.com;CAMINO CARRALACEÑA S/N;09318;VALDEZATE;BURGOS;
2733;SOBAOS Y QUESDAS DEL PAS-PELAYO;www.productosalpe.com;CALLE BARBOTAN 11;34200;VENTA DE BAÑOS;PALENCIA;
2860;RIBAS DEL CUA;www.ribasdelcua.com;CALLE FINCA ROBLEDO APDO. CORREOS 83;24540;CACABELOS;LEON;
3055;SEGOVIANA DE PATATAS;www.segovianadepatatas.es;CAMINO DE FUENTES A MOZONCILLO S/N;40270;CARBONERO EL MAYOR;SEGOVIA;
3098;MIEL SUBIÑAS;;CALLE GARCI FERNANDEZ 13;09346;COVARRUBIAS;BURGOS;
3208;GRUPO VICTOR GOMEZ;www.grupovictorgomez.com;CALLE ALFONSO XIII 12;37770;GUIJUELO;SALAMANCA;
3241;VIVEROS CAMPIÑAS;www.viveroscampinas.com;CARRETERA DE VALLELADO KM. 1;40216;CHAÑE;SEGOVIA;
3270;BODEGAS RIBON;www.bodegasribon.com;CALLE BASILON 15;47350;QUINTANILLA DE ONESIMO;VALLADOLID;AUTORIZADO
7743;SANTA APOLONIA;www.fincacardaba.com;CALLE COTO DE CARDABA S/N;40314;VALTIENDAS;SEGOVIA;
32560;MONTEJUELO;www.gonzalezygonzalez.com;POL. INDUSTRIAL 1 PARC. 69-70;40460;SANTIUSTE DE SAN JUAN BAUTISTA;SEGOVIA;
35354;AGUA DEL TELENO;www.aguadelteleno.es;CALLE VIA DE LA PLATA S/N;24764;PALACIOS DE LA VALDUERNA;LEON;
35669;AJOS CALVO;;CARRETERA PESQUERA 38;47300;PEÑAFIEL;VALLADOLID;
35893;ASOCIACION TUTOR DEL JUDION DE LA GRANJA;www.eljudion.lagranja-valsain.com;PLAZA DE LOS DOLORES 1;40100;SAN ILDEFONSO O LA GRANJA;SEGOVIA;
36232;PERLINES ZAMORANO, JOSE ANTONIO;;CARRETERA SALAMANCA 5;49400;FUENTESAUCO;ZAMORA;
36233;QUESOS DEL ALBERCHE;www.quesosdelalberche.es;CALLE MAESTRA AGUSTINA 57;05120;NAVANDRINAL;AVILA;
36791;BODEGA SAN GABRIEL;www.bodegasangabriel.com;CARRETERA DE LA AGUILERA KM. 6,5;09400;ARANDA DE DUERO;BURGOS;
36971;DON ULPIANO;www.donulpiano.com;CALLE AIRE 17  BAJO;37800;ALBA DE TORMES;SALAMANCA;
38135;MANCHON MIERES;https://manchonmieres.com/;CALLE REGADERILLAS S/N;47315;PESQUERA DE DUERO;VALLADOLID;
38475;AGRICOLA HERMANOS GONZALEZ LOPEZ;www.mucy.es;CALLE LA CRUZ 4;47194;MUCIENTES;VALLADOLID;
39596;LEGUMBRES ESPINO;www.explotaciondelteso.com;AVENIDA SALAMANCA 4;37419;ESPINO DE LA ORBADA;SALAMANCA;
260;BODEGA ARAUS BALLESTEROS;www.arausballesteros.com;CALLE REAL 7;09343;VILLAHOZ;BURGOS;
557;BODEGAS PRADO DE OLMEDO;www.pradodeolmedo.com;CALLE PARAJE EL SALEGAR S/N;09370;QUINTANA DEL PIDIO;BURGOS;
600;BODEGAS VEGANZONES;www.bodegasveganzones.com/;CALLE ROSARIO 4;47311;FOMPEDRAZA;VALLADOLID;
704;CANPIPORK;www.ibericoscanpipork.es;POL. INDUSTRIAL AGROALIMENTARIO C/ SIERRA DE TONDA PARC. 18;37770;GUIJUELO;SALAMANCA;AUTORIZADO
1030;LOS ZAMORANOS;www.loszamoranos.com;CAMINO DE VALPARAISO  S/N;49400;FUENTESAUCO;ZAMORA;
1182;EL ARRIERO MARAGATO;www.elarrieromaragato.com;POL. INDUSTRIAL DE ASTORGA C/ EL CHOCOLATE 109;24700;ASTORGA;LEON;
1243;EMBUTIDOS LA ENCINA;www.embutidoslaencina.com;CALLE DE LOS ANCARES S/N;24439;VEGA DE ESPINAREDA;LEON;
1398;BODEGA BARCOLOBO;www.barcolobo.com;CARRETERA SAN ROMAN DE HORNIJA S/N;47520;CASTRONUÑO;VALLADOLID;
1529;INDUSTRIAS CARNICAS GARRUDO;www.jamonesgarrudo.es;CARRETERA SORIA-PLASENCIA S/N N-110 KM. 313;05500;PIEDRAHITA;AVILA;
1724;HIJOS DE ANTONIO POLO;www.pagopenafiel.com;CALLE LA OLMA 5;47300;PEÑAFIEL;VALLADOLID;
1827;EMBUTIDOS PAULINO;www.paulinoiglesias.com;POL. INDUSTRIAL CAMPO DE AVIACION CTRA. N-122 KM. 449,5;49530;CORESES;ZAMORA;
1862;INDUSTRIAS DEL BIERZO;www.ibsabierzo.com;CALLE SAN ROQUE S/N;24549;CARRACEDELO;LEON;
1865;ILBESA;www.ilbesa.com;CALLE CAÑADA SANABRESA  S/N;49600;BENAVENTE;ZAMORA;
1995;LA CUEVA DE VADORREY;www.lacuevadevadorrey.com;CARRETERA ROA-PEÑAFIEL KM. 2,5;09317;CUEVA DE ROA (LA);BURGOS;
2385;MORCILLAS TERE;www.morcillastere.com;CAMINO VIVAR 3;09140;QUINTANILLA-VIVAR O QUINTANILLA MOROCISLA;BURGOS;
2416;NIETO SANCHEZ, EMILIA;;CALLE CALLEJA REAL  S/N;40144;COBOS DE SEGOVIA;SEGOVIA;
2586;PASTAS Y HOJALDRES UKO;www.pastasyhojaldresuko.com;PASEO  DE VALDESGARES S/N;34840;CERVERA DE PISUERGA;PALENCIA;AUTORIZADO
2789;QUESOS MARCOS CONDE;www.marcosconde.com;CARRETERA ZAMORA-SALAMANCA KM. 283;49190;MORALES DEL VINO;ZAMORA;
2804;QUESOS DEL DUERO;www.garciabaquero.com;CARRETERA CASTRONUEVO KM. 1,4;49800;TORO;ZAMORA;
2977;JAMONES EL RUBIO;www.elrubioguijuelo.com;CARRETERA GIJON-SEVILLA KM. 396,5;37777;CABEZA DE BEJAR (LA);SALAMANCA;
2981;SALAZONES CARNICAS HERME;www.pinante.com;CALLE COBERTIZOS 2;37770;GUIJUELO;SALAMANCA;
25796;BODEGA BURDIGALA;www.campoeliseo.es;CARRETERA TORDESILLAS 14;49800;TORO;ZAMORA;
30000;MORCILLAS RAMIRO;www.morcillasramiro.com;AVENIDA GALICIA 103 GALERIAS DE SAN JOSE;49024;ZAMORA;ZAMORA;
33184;MONCEDILLO;www.moncedillo.com;POL. INDUSTRIAL LAS CORONAS DE ABAJO CMNO. CARRAQUINTANAR 10;40551;CAMPO DE SAN PEDRO;SEGOVIA;
33332;EMBUTIDOS ARTESANALES FIDALGO;;CARRETERA VILLALPANDO KM. 16;49136;VILLAFAFILA;ZAMORA;
35896;FRESGALLIMAZO;;PASEO ESTACION 11;37320;VILLAR DE GALLIMAZO;SALAMANCA;
37573;DELGADO CABALLERO, SERGIO;www.hortalizasmauri.com;CARRETERA NACIONAL 122  84;34257;PALENZUELA;PALENCIA;
39215;RIERA SAN FERNANDO CONTRATAS Y EXPLOTACIONES;www.ibericosmarcelino.com;AVENIDA RUTA DE LA PLATA 26;49700;CORRALES DEL VINO;ZAMORA;
39655;VIÑEDOS SAMPEDRO Y ALONSO;https://sampedroyalonso.com/;CALLE LOS PINARES 2;24530;VILLADECANES;LEON;
39815;WINE & SPIRITTS TRADE;www.dominiodelasierra.com;CALLE FEDERICO GARCÍA LORCA  (EDIFICIO CGB) S/N;37187;ALDEATEJADA;SALAMANCA;
40135;DOMUS VETTONIA;https://zoleam.com;CALLE TOMAS DE LA PUENTE 1;37219;YECLA DE YELTES;SALAMANCA;
18;ASOCIACION PRODUCTORES Y COMERCIANTES LAS CADERECHAS;www.caderechas.com;PLAZA MAYOR 1;09593;SALAS DE BUREBA;BURGOS;
156;ALBERTO Y BENITO;www.bodegasbriego.com;CARRETERA DE CUELLAR 5;47311;FOMPEDRAZA;VALLADOLID;
169;BODEGAS Y VIÑEDOS SANTAMARIA;www.bodega-santamaria.com;CALLE PONIENTE 18;47290;CUBILLAS DE SANTA MARTA;VALLADOLID;
606;BODEGAS VIYUELA;www.bodegasviyuela.com;CARRETERA QUINTANAMANVIRGO S/N;09314;BOADA DE ROA;BURGOS;
622;BODEGAS Y VIÑEDOS GALLEGO ZAPATERO;www.bodegasgallegozapatero.com;CALLE SEGUNDA TRAVESIA DE LA OLMA 4;09313;ANGUIX;BURGOS;
715;CAPRINO DE CANDELEDA;www.ganaderosdecaprino.es;CALLE PARAJE EL HORCO S/N;05480;CANDELEDA;AVILA;
849;CARNICAS PONIENTE;www.castellanadecarnes.es;AVENIDA DEL EURO S/N PARC. 14 (MERCAOLID);47009;VALLADOLID;VALLADOLID;
896;C.H. VINOS DE CUBILLAS;www.bodegaschvinosdecubillas.com;PASEO FUENTE LA TEJA 31;47290;CUBILLAS DE SANTA MARTA;VALLADOLID;
1226;EMBUTIDOS EZEQUIEL;www.embutidosezequiel.com;CARRETERA N630 KM. 99,500;24680;VILLAMANIN DE LA TERCIA;LEON;
1332;FELIPE HERNANDEZ JIMENEZ;www.hernandezjimenez.com;POL. INDUSTRIAL AGROALIMENTARIO SIERRA DE TONDA 15;37770;GUIJUELO;SALAMANCA;
1736;HIJOS DE DIONISIO SANCHEZ;https://www.jamonesdionisiosanchez.es/;CAMINO CARRENUEVA S/N;49400;FUENTESAUCO;ZAMORA;
1977;JULIAN MARTIN;"www.julianmartin.es;www.jamonturismo.es";CARRETERA CAMPILLO 68;37770;GUIJUELO;SALAMANCA;
2212;JAMONES MANUEL ANGEL RODRIGUEZ;www.jamonesmanuelangelrodriguez.com;CALLE DOCTOR FLEMING 42;37778;CAMPILLO DE SALVATIERRA;SALAMANCA;
2796;QUESERIAS PICOS DE EUROPA;www.quesospicosdeeuropa.com;TRAVESIA DE PRADA 2;24915;POSADA DE VALDEON (CONCEJO DE VALDEON);LEON;
3170;VAL DE ORNEDO;;CALLE PARAJE DEL MANAN S/N;24544;CARRACEDO DEL MONASTERIO;LEON;
3251;VIÑA MAMBRILLA;www.mambrilla.com;CARRETERA PEDROSA S/N;09317;MAMBRILLA DE CASTREJON;BURGOS;
33334;EMBUTIDOS MANOLO;www.embutidosmanolo.com;POL. INDUSTRIAL VILLADANGOS DEL PARAMO C/ 2 PARC. 83;24392;VILLADANGOS DEL PARAMO;LEON;
36611;BODEGAS NABAL;www.bodegasnabal.com;AUTOVIA A1 SALIDA 168 CTRA. VILLANUEVA DE GUMIEL  S/N;09370;GUMIEL DE IZAN;BURGOS;
37454;CARNICAS CHICO;www.carnicaschico.com;CARRETERA VALLADOLID 44;09400;ARANDA DE DUERO;BURGOS;
38855;FUENTES PEREZ, PABLO;www.iberanez.com;TRAVESIA CARBONERO 4;40441;MIGUELAÑEZ;SEGOVIA;
39155;AGRICOLA RIOVA;www.grupopalaciodevillachica.com;CARRETERA COGECES DEL MONTE KM. 0,5;47300;PEÑAFIEL;VALLADOLID;
28;ASOCIACION PROVINCIAL DE FABRICANTES Y EXPENDEDORES DE PAN DE VALLADOLID;www.pandevalladolid.com;PLAZA MADRID 4  3º 3;47001;VALLADOLID;VALLADOLID;
235;REPOSTERIA ARTESANA LA TIA MELITONA;www.latiamelitona.com;CALLE JOSE VELAZQUEZ 19;47480;FRESNO EL VIEJO;VALLADOLID;
263;JAMONES DE EL GEMELO;www.jamoneselgemelo.com;POL. INDUSTRIAL LOS LLANOS PARC. 49-5;09260;PRADOLUENGO;BURGOS;
1040;ALERE VITAL;www.alerevital.com;CARRETERA VILLALPANDO KM. 13;49023;ZAMORA;ZAMORA;
1106;GLUS;www.cooperativaglus.es;CARRETERA DE SEGOVIA S/N;40200;CUELLAR;SEGOVIA;
1221;BIOBARDALES;www.biobardales.com;CARRETERA SEGOVIA KM. 0,6;40176;ARENAL (EL);SEGOVIA;
1476;QUESOS GAMAZO;www.quesos-gamazo-tirso-gamazo-carreras-quintana-del.negocio.site;AVENIDA DE CALVO SOTELO 19;34250;QUINTANA DEL PUENTE;PALENCIA;
1528;CONFITERIA GARROTE;www.confiteriagarrote.com;CALLE LA MAGDALENA 6;47160;ARRABAL DE PORTILLO;VALLADOLID;
1720;HIJO DE MACARIO MARCOS;www.lasalmantina.com;CALLE CARREANCHA 37  BAJO;37427;VELLES (LA);SALAMANCA;
1796;HORTALIZAS BAZAN;;CARRETERA ZAMORA KM. 390;47100;TORDESILLAS;VALLADOLID;
1870;LACTEAS SAN VICENTE;www.lsanvicente.com;AVENIDA LA LIBERTAD 24;24193;NAVATEJERA;LEON;
2343;GRUPO MIGUEL VERGARA;www.miguelvergara.com;POL. INDUSTRIAL EL ESPARRAGAL PARC. 51;47155;SANTOVENIA DE PISUERGA;VALLADOLID;
2688;PIÑONSOL CYL;www.pinonsol.com;CALLE CALERA 15;47430;PEDRAJAS DE SAN ESTEBAN;VALLADOLID;AUTORIZADO
2735;PRODUCTOS CARNICOS BRISA;www.ibericosbrisa.com;CALLE CAMILO JOSE CELA 21;37770;GUIJUELO;SALAMANCA;
2751;PRODUCTOS IBERICOS GOMEZ;www.pigosa.es;CARRETERA GENERAL 36;37600;TAMAMES;SALAMANCA;
2780;QUESOS Y LACTEOS PUEBLA LUIS;www.queseriaartesanaldelriocarrion.es;CALLE EL RIO 3;34128;SERNA (LA);PALENCIA;
2857;REVISAN;www.revisan.com;POL. INDUSTRIAL AGROALIMENTARIO DE GUIJUELO SIERRA DE HERREROS 9;37770;GUIJUELO;SALAMANCA;
33225;SOCIEDAD COOPERATIVA LOS ZAMORANOS;www.loszamoranos.com;CARRETERA SALAMANCA 38;49400;FUENTESAUCO;ZAMORA;
33300;BODEGAS RODRIGUEZ Y SANZO;www.rodriguezsanzo.com;AVENIDA TORDESILLAS 5;47490;RUEDA;VALLADOLID;
33644;EL SECRETO DEL ABAD;www.elsecretodelabad.es;CALLE JUPITER 15;47009;VALLADOLID;VALLADOLID;
36691;BELLORI;www.bellorivinos.com;CALLE C/ NUÑEZ DE ARCE 18  BAJO D;47002;VALLADOLID;VALLADOLID;
38335;ENTRESETAS;www.entresetas.com;CARRETERA 615 KM. FINCA MOLINO NUEVO 22;34300;PAREDES DE NAVA;PALENCIA;
39716;QUEVANA;https://quevana.es/;CAMINO VIEJO 1;40196;LASTRILLA (LA);SEGOVIA;
39755;QUESOS MOSTELARES;http://www.quesosmostelares.es;CARRETERA CASTROJERIZ 3;09119;HINESTROSA;BURGOS;
39835;RAUL MARTINEZ TERAN;http://rosquillasartesanas.es;CALLE LOPEZ BRAVO 24 NAVE 22;09001;VILLALONQUEJAR;BURGOS;
40255;GONZALEZ FISCHER;https://gonzalezfischer.com/;CALLE REAL 53;40237;SACRAMENIA;SEGOVIA;
38;ASOCIACION VACUNO DE CALIDAD DE SALAMANCA;www.terneracharra.org;CALLE BIERZO 37;37006;SALAMANCA;SALAMANCA;
248;JAMONES Y EMBUTIDOS ANTONIO MARTIN E HIJOS;www.jamonesguijuelo.com;CARRETERA DE LEDRADA S/N;37776;NAVA DE BEJAR;SALAMANCA;
392;BODEGA DEL ABAD;www.bodegadelabad.com;CARRETERA N-VI KM. 396;24549;CARRACEDELO;LEON;
409;BODEGA ERESMA-LA SOTERRAÑA;www.bodegaslasoterrana.com;POL. INDUSTRIAL JOSE ANTONIO GONZALEZ CAVIEDES PARC. 144-148;47410;OLMEDO;VALLADOLID;
503;BODEGAS FELIX LORENZO CACHAZO;www.cachazo.com;CARRETERA MEDINA DEL CAMPO KM. 9;47220;POZALDEZ;VALLADOLID;
555;BODEGAS PINGON;www.bodegaspingon.com;CARRETERA N-122 KM. 311 PAGO DE PIGON;47314;PADILLA DE DUERO;VALLADOLID;
721;MONTE PINOS;www.montepinos.com;AVENIDA DE SORIA S/N;42200;ALMAZAN;SORIA;
1001;CONSERVAS ANDA;www.conservasanda.com;PASEO VIRGEN DEL CANTO 11;49800;TORO;ZAMORA;
1002;CONSERVAS GABEMAR;www.gabemar.com;CALLE FONTANINA S/N;49519;FRADELLOS;ZAMORA;
1005;CONSERVAS RAMOS;www.conservasramos.es;POL. INDUSTRIAL HERRERA DE PISUERGA PARC. 3-5;34400;HERRERA DE PISUERGA;PALENCIA;
1260;EMBUTIDOS RODRIGUEZ;www.embutidosrodriguez .es;CARRETERA LEON 420 KM. 2,700;24768;SOTO DE LA VEGA;LEON;
1297;JAMONES ENRIQUE GARCIA;www.jamonesenriquegarcia.com;CALLE CONCORDIA 40;37881;VALDECARROS;SALAMANCA;
1365;MONTEPARRA;www.monteparra.com;CARRETERA CAMPILLO 56;37770;GUIJUELO;SALAMANCA;
1518;MIEL FELYA;www.mielfelya.com;CALLE ALTA 9;34491;ABIA DE LAS TORRES;PALENCIA;
1534;GEPISA;www.gepisa.com;CARRETERA LOGROÑO S/N;42162;GARRAY;SORIA;
1788;HORCAOL;www.horcaol.es;POL. INDUSTRIAL JOSE ANTONIO GONZALEZ CAVIEDES PARC. 106;47410;OLMEDO;VALLADOLID;
2579;PARRA GONZALEZ;www.ibericosparragonzalez.es;CALLE HUERTO REDONDO 24;37770;GUIJUELO;SALAMANCA;
2623;PEPIÑO;www.jamondesalamanca.com;CALLE AMPARO 21;37210;VITIGUDINO;SALAMANCA;
2671;PIMIENTOS BERCIANOS;www.productospiber.com;POL. INDUSTRIAL DEL BIERZO PARC. 66;24560;TORAL DE LOS VADOS;LEON;
2676;PISCIFACTORIA DE CAMPOO;;CALLE EXTRARRADIO S/N;34800;AGUILAR DE CAMPOO;PALENCIA;
2715;JAMONES Y EMBUTIDOS FAUSTINO PRIETO;www.jamonesfaustinoprieto.com/es;CALLE PEDRERA 9;37750;CESPEDOSA DE TORMES;SALAMANCA;
15040;EMBUTIDOS IBERICOS GARCINUÑO;www.ibericosgarcinuno.com;CALLE PARAJE DE LA POVEA S/N;40142;MONTERRUBIO;SEGOVIA;
26118;PEFRAN;www.ibericospefran.com;AVENIDA VALVANERA 33;37740;SANTIBAÑEZ DE BEJAR;SALAMANCA;
26412;EL CARRIZAL DE CAMPOS;www.queseriaslaurus.com;AVENIDA CASTILLA Y LEON S/N;49122;TORRES DEL CARRIZAL;ZAMORA;
33226;DULCES TIPICOS EL BEATO;www.dulcestipicos.es;CALLE SAN JOSE OBRERO 3;42300;BURGO DE OSMA (EL);SORIA;
34819;CESAR NIETO GROUP;www.cesarnieto.com;POL. INDUSTRIAL C/ SIERRA VENTOSA 22;37770;GUIJUELO;SALAMANCA;
35697;BODEGAS PEÑOS MARTIN MARCOS;www.romanoru.com;CALLE SAN JUAN 21;49220;FERMOSELLE;ZAMORA;
39555;CERVEZA 90 VARAS;https://cerveza90varas.com/contactar;CAMINO DE LA SIERRA 8;40591;CEREZO DE ABAJO;SEGOVIA;
94;AVICOLA DE ISCAR;www.aveshidalgo.com;AVENIDA SAN MIGUEL S/N;47420;ISCAR;VALLADOLID;
192;ALMENDRAS SARRALDE;www.sarralde.com;CALLE AVILA 2 NAVE 32;09240;BRIVIESCA;BURGOS;
346;BODEGAS BENITO RODRIGO;www.bodegasbenitorodrigo.es;CARRETERA ARANDA SILOS KM. 14,500;09450;BAÑOS DE VALDEARADOS;BURGOS;
447;BODEGA Y VIÑEDOS DEL LINAJE GARSEA;www.linajegarsea.com;CARRETERA VALLADOLID-SORIA KM. 273;09391;CASTRILLO DE LA VEGA;BURGOS;
508;BODEGAS FRUTOS VILLAR;www.bodegasfrutosvillar.com;CARRETERA BURGOS-PORTUGAL KM. 113,700;47270;CIGALES;VALLADOLID;
912;CILLAR DE SILOS;www.cillardesilos.es;CALLE PARAJE EL SOTO S/N;09370;QUINTANA DEL PIDIO;BURGOS;
1012;BODEGAS PINNA FIDELIS;www.pinnafidelis.com;CARRETERA PESQUERA-ESGUEVILLAS KM. 0,8 (APDO. CORREOS 22);47300;PEÑAFIEL;VALLADOLID;
1036;VINICOLA COMARCAL DE VALDEVIMBRE;www.vinicoval.com;CARRETERA LEON S/N;24230;VALDEVIMBRE;LEON;
1043;LEGUMBRES CORONADO;www.legumbrescoronado.com;POL. INDUSTRIAL LAS CAÑADAS C/ ALDEHUELA 9;05600;BARCO DE AVILA (EL);AVILA;
1120;EMBUTIDOS Y JAMONES CARDIZA;www.carnicasdiaz.com;CARRETERA SALAMANCA KM. 2,5;49190;MORALES DEL VINO;ZAMORA;
1227;EMBUTIDOS Y SALAZONES FERJU;www.ferju.net;CALLE LA IGLESIA 1;24249;POBLADURA DE PELAYO GARCIA;LEON;
1781;QUESOS QUEVEDO;www.queso-quevedo.es;AVENIDA SANTIAGO HIDALGO 36;47200;VALORIA LA BUENA;VALLADOLID;
1797;HORTALIZAS LOS CLAVELES;www.hortalizaslosclaveles.es;CAMINO SANCHONUÑO  S/N;40240;GOMEZSERRACIN;SEGOVIA;
1821;IBERICOS LA ENCINA CHARRA;www.embutidosyjamones.com;CALLE LA IGLESIA 3;37497;GALLEGOS DE ARGAÑAN;SALAMANCA;
1976;JULIAN DEL AGUILA;https://jamonesjuliandelaguila.com;CALLE BAJADA DE LAS PISCINAS S/N;37770;GUIJUELO;SALAMANCA;
2248;CARNES Y EMBUTIDOS EL ARCO;www.embutidoselarco.es;CALLE MARIANO MATEO 19  BAJO;47820;VILLABRAGIMA;VALLADOLID;
2270;EMBUTIDOS MARI PAZ;www.embutidosmaripaz.eu;CARRETERA TAMAYO S/N;09530;OÑA;BURGOS;
2705;GRUPO UVESA;www.uvesa.es;CARRETERA DE RIAZA-TORO KM. 76;40200;CUELLAR;SEGOVIA;
2960;BODEGAS GODELIA;www.godelia.es;CARRETERA ANTIGUA N-VI KM. 403,5;24547;PIEROS;LEON;
3223;VINOS DE ARGANZA;www.vinosdearganza.com;POL. INDUSTRIAL DEL BIERZO PARC. 41 C/ RIO ANCARES 2;24560;TORAL DE LOS VADOS;LEON;
30300;CONFITERIA VELASCO;www.mantecadasvelasco.com;CALLE SANTIAGO 19;24700;ASTORGA;LEON;
30880;CARNICAS ANDRES GOMEZ;;CALLE SIERRA DE GREDOS 9;37770;GUIJUELO;SALAMANCA;
34829;JAMON PRIM;www.dehesadeprim.com;CALLE GUIJUELO S/N;37310;MACOTERA;SALAMANCA;
38435;CERVECERA OCTAVO ARTE;www.octavo-arte.com;CARRETERA VALLADOLID 8;40196;LASTRILLA (LA);SEGOVIA;
38495;MUÑOZ VELASCO, MARIA ESTHER;www.ibericosdevegaseca.com;PLAZA DE SAN ANDRES 9;40200;CUELLAR;SEGOVIA;
40116;CASTILLO DEL BUEN AMOR BODEGA Y VIÑEDOS SL;http://www.buenamor.net/vino;CALLE NACIONAL 630 317;37799;VILLANUEVA DE CAÑEDO;SALAMANCA;
40235;GRANJAS SAN ANTONIO;;PLAZA CONSTITUCIÓN 26;05214;PAJARES DE ADAJA;AVILA;
410;LIBERALIA ENOLOGICA;www.liberalia.es;CAMINO DEL PALO S/N;49800;TORO;ZAMORA;
459;BODEGAS ARROCAL;www.arrocal.com;CAMINO ERAS DE SANTA MARIA S/N;09443;GUMIEL DE MERCADO;BURGOS;
522;BODEGAS ABADIA SAN QUIRCE;www.abadiasanquirce.com;CARRETERA MADRID-IRUN KM. 171;09370;GUMIEL DE IZAN;BURGOS;
561;BODEGAS RESALTE;www.resalte.com;CARRETERA VALLADOLID-SORIA N-122 KM. 312;47314;PADILLA DE DUERO;VALLADOLID;
754;CARNICAS FRANJOVE;www.hermanosmartinsanchez.com;CALLE SIERRA DE BEJAR 36;37770;GUIJUELO;SALAMANCA;
762;CARNICAS IBERICAS MOZARBEZ;www.ibericosmontellano.com;CARRETERA N-630 GIJON-SEVILLA KM. 352,674;37796;MOZARBEZ;SALAMANCA;AUTORIZADO
763;CARNICAS MENCAS E HIJOS;www.mencas.es;CARRETERA  C-519 SALAMANCA-FUENTESAUCO KM. 8;37439;SAN CRISTOBAL DE LA CUESTA;SALAMANCA;
1039;GANADEROS LOS MANJUELOS;www.elmanjuelo.com;PLAZA DE LA IGLESIA 1;37766;ENDRINAL;SALAMANCA;
1101;DEHESA GRANDE;www.dehesagrande.com;CARRETERA DE MORONTA KM. 1,300;37210;VITIGUDINO;SALAMANCA;AUTORIZADO
1533;ACOR;www.acor.es;CARRETERA N-601 KM. 154;47410;OLMEDO;VALLADOLID;
1653;QUESOS CAMPOVEJA;www.quesoscampoveja.com;CALLE DEL PORRO 62;47231;SERRADA;VALLADOLID;
1734;BODEGAS HIJOS DE CRESCENCIO MERINO;www.bodegashcmerino.com;CALLE CORRALES S/N;47280;CORCOS;VALLADOLID;
1786;HOJALDRES ALONSO;www.hojaldresalonso.com;CARRETERA MADRID-CORUÑA KM. 331;24714;PRADORREY;LEON;
1903;JAMONES ESCUREDO;www.jamonesescuredo.com;POL. INDUSTRIAL EL BIERZO C/ RIO CUA 31-33;24560;TORAL DE LOS VADOS;LEON;
2344;MIGUEL Y MARIA;www.miguelymaria.com;CARRETERA TABANERA CL-601 S/N;40291;TABANERA LA LUENGA;SEGOVIA;
2423;VALLES DEL ESLA;www.vallesdelesla.com;POL. INDUSTRIAL HERRERA 1;24812;SAELICES DE SABERO;LEON;
2467;PAGO DE CARRAOVEJAS;www.pagodecarraovejas.com;CAMINO DE CARRAOVEJAS S/N;47300;PEÑAFIEL;VALLADOLID;
2471;PAGOS DEL REY;www.pagosdelrey.com;CARRETERA PALENCIA-ARANDA KM. 53;09311;OLMEDILLO DE ROA;BURGOS;
25424;CASAR DE BURBIA;www.casardeburbia.com;TRAVESIA DE LA CONSTITUCION S/N;24549;CARRACEDELO;LEON;
31020;DIEZ SIGLOS DE VERDEJO;www.diezsiglos.es;CARRETERA VALLADOLID KM. 24,5 POLIGONO 2 PARC. 129;47239;SERRADA;VALLADOLID;
31920;RODRIGUEZ SACRISTAN;;CALLE SANTA CLARA 15;40200;CUELLAR;SEGOVIA;
32503;ACEITEROS DEL AGUEDA;www.arribera.es;CAMINO SAN FELICES S/N;37248;AHIGAL DE LOS ACEITEROS;SALAMANCA;
33440;SALUS;www.hortalizassalus.es;CARRETERA DE HORNILLOS POLIGONO Nº 519 PARC. 29-30;34230;TORQUEMADA;PALENCIA;
33500;FUNDACION ASPAYM CASTILLA Y LEON;www.aspaymcyl.org;CALLE OLMA 1;47329;VILLABAÑEZ;VALLADOLID;
35755;SANCHEZ SANCHEZ, LUIS CARLOS;www.embutidosyjamoneschopo.com;AVENIDA DE LA VILLA 10;05600;BARCO DE AVILA (EL);AVILA;
36753;CARVAJAL ENCINA, PILAR;;CALLE REAL 57;24342;CALZADA DEL COTO;LEON;
37693;APICULTURA DEL RIO;www.riodelamiel.es;POL. INDUSTRIAL EL MONTALVO C/ VERTICAL VI 12;37188;CARBAJOSA DE LA SAGRADA;SALAMANCA;
39275;MORCILLA LESMES;www.morcillasdeburgossanlesmes.com;CALLE MERINDAD DE SOTOSCUEVA S/N;09001;BURGOS;BURGOS;
39315;BODEGAS MAESTE;www.bodegasmaeste.com;CALLE HUESCA 6;09400;ARANDA DE DUERO;BURGOS;
270;QUESOS FELIX;www.quesosfelix.es;CARRETERA VALLADOLID-MEDINA DEL CAMPO KM. 26,5 FINCA 23 POLIG. 7;47231;SERRADA;VALLADOLID;
430;BODEGAS SANTA RUFINA;www.bodegassantarufina.com;POL. INDUSTRIAL 3 PARC. 102 PAGO FUENTE LA TEJA;47290;CUBILLAS DE SANTA MARTA;VALLADOLID;
504;BODEGAS FELIX SANZ;www.bodegasfelixsanz.es;RONDA ARADILLAS  S/N;47490;RUEDA;VALLADOLID;
544;BODEGAS OTERO;www.bodegasotero.es;AVENIDA  EL FERIAL 22;49600;BENAVENTE;ZAMORA;
605;BODEGAS VITULIA;www.bodegasvitulia.com;CALLE SENDIN PARC. 49 POLIG. IND. ALLENDE DUERO 49;09400;ARANDA DE DUERO;BURGOS;
647;BODEGAS Y VIÑEDOS VEGA DE YUSO;www.vegadeyuso.com;CALLE BASILON 9;47350;QUINTANILLA DE ONESIMO;VALLADOLID;
864;CASA DE LA MONTAÑA;www.casadelamontana.net;CALLE LA PUENTE 34;24121;AZADINOS;LEON;
865;CECINAS NIETO;www.cecinasnieto.com;CARRETERA N-VI KM. 329;24714;PRADORREY;LEON;
940;COMARCA DE VALLELADO;www.sccomarcavallelado.com;CALLE PUENTE EL PINO S/N;40214;MATA DE CUELLAR;SEGOVIA;
1038;VINOS DEL BIERZO;www.bodegasguerra.com;AVENIDA CONSTITUCION 106;24540;CACABELOS;LEON;
1301;ENTREPEÑAS;www.embutidosentrepenas.es;CALLE JOSE ALVAREZ GONZALEZ 15;24608;GERAS;LEON;
1477;GANADERA DE LA NAVA;www.camposdenava.es;CALLE PROLONGACION DE LA CAMPANA S/N;34170;CASCON DE LA NAVA;PALENCIA;
1759;PRECOCINADOS EL CAMPO;www.elcampocontigo.com;CAMINO DE PINAREJOS S/N;40297;SANCHONUÑO;SEGOVIA;
1768;CECINAS CABALLERO ROJO;www.cecinascaballerorojo.com;CALLE MORAL 30;34350;VILLARRAMIEL;PALENCIA;
1794;HORNOPAN HERMANOS COOMONTE;;CALLE FRANCOS 21;49700;CORRALES DEL VINO;ZAMORA;
1996;LA DEHESA DE AREVALO;www.ladehesadearevalo.com;CALLE MADRIGAL DE LAS ALTAS TORRES 29 PARC. 1-4;05200;AREVALO;AVILA;
2208;LAS NIEVES;www.mantequerialasnieves.es;CALLE LA RIVA 2;09560;ESPINOSA DE LOS MONTEROS;BURGOS;
2281;MARTIRELO;www.martirelo.es;CARRETERA DE AÑAVIEJA KM. 1,5;42108;AÑAVIEJA;SORIA;
2366;MANTECADOS JOSE MOLPECERES;;CALLE JOSE MONTERO 4;47160;PORTILLO;VALLADOLID;
2399;MUÑOZVAL;www.centralhorticola.com;CARRETERA SERRADA S/N;47240;VALDESTILLAS;VALLADOLID;
2617;PEDRO NIETO;www.pedronieto.com;POL. INDUSTRIAL AGROALIMENTARIO PARC. 57;37770;GUIJUELO;SALAMANCA;
2775;PUENTE ROBLES;https://www.elcatedratico.com;CALLE MORALINA 228;49220;FERMOSELLE;ZAMORA;
2795;QUESERIA MONTEQUESOS;www.queseriamontequesos.com;POL. INDUSTRIAL SAN COSME C/ PANADEROS 15 PARC. 25A;47620;VILLANUBLA;VALLADOLID;
3060;SELECTOS DE CASTILLA;www.selectosdecastilla.com;CALLE RODRIGO FERNANDEZ S/N;34170;VILLAMARTIN DE CAMPOS;PALENCIA;
32040;GONZALEZ MOLINERO, MARIA CRISTINA;www.embutidosperrino.es;CALLE LA MARQUESA 14;05200;AREVALO;AVILA;
33900;OLMOS SERRANO, ENRIQUE;www.gaseosasolmos.es;CARRETERA AGUILAFUENTE 7;40260;FUENTEPELAYO;SEGOVIA;
34120;IDEAL FRUITS;www.idealfruits.es;CARRETERA SEGOVIA 333 KM. 9,67;40442;NARROS DE CUELLAR;SEGOVIA;
35209;NORAY SEAFOOD;www.norayseafood.com;CALLE OLMEDO KM 2,5 CL-602 MARGEN IZQUIERDA;47400;MEDINA DEL CAMPO;VALLADOLID;
37713;GUIJUELO GOURMET;www.gugourmet.com;CALLE AMABLE CRIADO 37;37778;CAMPILLO DE SALVATIERRA;SALAMANCA;
39595;TRASLANZAS BODEGAS Y VIÑEDOS;www.traslanzas.com;CALLE PEÑAFLOR 11;47194;MUCIENTES;VALLADOLID;AUTORIZADO
429;BODEGA SAN ROQUE DE LA ENCINA;https://pinadillo.com/;CALLE SAN ROQUE 73;09391;CASTRILLO DE LA VEGA;BURGOS;
434;TESO LA MONJA;www.sierracantabria.com/tesolamonja;POL. INDUSTRIAL I  PARAJE DE VALDEBUEY PARCELA 1416;49882;VALDEFINJAS;ZAMORA;
586;BODEGAS TORREMORON;https://www.bodegastorremoron.com;CARRETERA DE BOADA S/N;09314;QUINTANAMANVIRGO;BURGOS;
642;BODEGAS TABULA;www.bodegastabula.es;CARRETERA VALBUENA KM. 2;47359;OLIVARES DE DUERO;VALLADOLID;
860;QUESOS CAÑAREJAL;www.canarejal.es;CALLE CARCAVA S/N;47116;POLLOS;VALLADOLID;
994;CONFITERIA SANTA LUCIA;www.confiteriasantalucia.com;CALLE GUTEMBERG 103;37184;VILLARES DE LA REINA;SALAMANCA;
1273;EMBUTIDOS CASA TUBERO;www.virgendelbrezo.es;CALLE VIRGEN DEL MAR S/N;34870;SANTIBAÑEZ DE LA PEÑA;PALENCIA;
1339;FABRICA DE MORCILLAS MIGUEL Y CONCHI;www.morcillasotopalacios.com;CALLE MESON 19;09140;SOTOPALACIOS;BURGOS;
1350;FARRAN DIEZ BODEGAS Y VIÑEDOS;www.bodegasfarran.com;CARRETERA CUBILLAS KM. 1;47290;CUBILLAS DE SANTA MARTA;VALLADOLID;
1663;DEL ABUELO DE VEGA;www.licoresabuelodevega.es;CALLE LOS PRADOS 4;49331;VEGA DE TERA;ZAMORA;
1950;JOSE LUIS ALONSO BENITO;www.joseluisalonsobenito.es;AVENIDA VALVANEDA 2;37740;SANTIBAÑEZ DE BEJAR;SALAMANCA;
2616;EMBUTIDOS GONZALEZ;www.embutidosgonzalez.com;POL. INDUSTRIAL HORMIGONES MARCOS 6;09140;SOTOPALACIOS;BURGOS;
2703;PRADA A TOPE - PALACIO DE CANEDO;www.pradaatope.es;CALLE LA IGLESIA S/N;24546;CANEDO;LEON;
2774;PROTOS;www.bodegasprotos.com;CALLE BODEGAS PROTOS 24-28;47300;PEÑAFIEL;VALLADOLID;
2836;EMBUTIDOS JOSE REDONDO;;CALLE LOS ENRIQUEZ 1;47680;MAYORGA;VALLADOLID;
2885;MORCILLAS LA PRIMI;www.morcillaslaprimi.com;POL. INDUSTRIAL LOS BREZOS C/ LA ENCINA NAVE 1;09139;VILLALBILLA DE BURGOS;BURGOS;
11325;SEBASTIAN CREGO;www.sebastiancrego.com;CALLE LIRIO 20;37770;GUIJUELO;SALAMANCA;
22952;DELICIAS CUELLAR;www.deliciascuellar.com;CALLE LAS PARRAS 1;40200;CUELLAR;SEGOVIA;
32600;BELLOTA UNICO;www.ibericosizquierdo.es;CALLE PARAJE LA BORDONA POLIG. 501 PARC. 21;37893;MARTINAMOR;SALAMANCA;
35076;BODEGA QUINTAFIEL;www.quintafiel.es;CALLE DEL RIO 3;47360;QUINTANILLA DE ARRIBA;VALLADOLID;
35970;TIERRA DULCE;www.chocolateecologico.com;CALLE SOL 23;49150;MORALEJA DEL VINO;ZAMORA;
36991;SAN JAMON;www.sanjamon.com;CALLE MONTERO CALVO 12  3 B;47001;VALLADOLID;VALLADOLID;
37473;SANCHEZ SERRANO, RAUL;www.fabrica-de-patatas-fritas-artesanales-maria.negocio.site;CALLE CARRERA 18;05417;GUISANDO;AVILA;
39915;MALTMAN Y 3CUMBRES CRAFT BEER;https://www.maltmanbrewing.com;POL. INDUSTRIAL LOS LLANOS 38;40400;ESPINAR (EL);SEGOVIA;
39935;TDJ IBERIAN FOOD, S.L.;;CALLE CAMPILLO 1;37770;GUIJUELO;SALAMANCA;
21;ASOCIACION PARA LA PROMOCION DEL COCHINILLO DE SEGOVIA;www.cochinillodesegovia.es;CALLE LOS COCHES 1;40002;SEGOVIA;SEGOVIA;
369;BODEGAS ARRIBES DEL DUERO;www.bodegasarribesdelduero.com;CARRETERA MASUECO S/N;37251;CORPORARIO;SALAMANCA;
417;BODEGAS FAMILIARES MATARROMERA;www.bodegamatarromera.es;CARRETERA RENEDO-PESQUERA S/N;47359;VALBUENA DE DUERO;VALLADOLID;
454;GREAT WINES FROM SPAIN;www.bodegasaltapavina.com;CAMINO SANTIBAÑEZ S/N;47328;PARRILLA (LA);VALLADOLID;
580;RUBEN RAMOS;www.vinosrubenramos.com;POL. INDUSTRIAL 3 PARCELA 5041;47300;PEÑAFIEL;VALLADOLID;
636;VINOS DE RAUDA;www.vinosderauda.com;CARRETERA DE PEDROSA S/N;09300;ROA;BURGOS;
955;COFRUBI;www.cofrubi.com;CARRETERA N-VI KM. 398,6;24549;CARRACEDELO;LEON;
1540;QUESERIA LA ANTIGUA DE FUENTESAUCO;www.queserialaantigua.com;CARRETERA  SALAMANCA-MEDINA DE RIOSECO KM. 32;49400;FUENTESAUCO;ZAMORA;
1596;GRANDES BODEGAS;www.marquesdevelilla.com;CARRETERA DE SOTILLO DE LA RIBERA S/N;09311;HORRA (LA);BURGOS;
1857;INDUSTRIAS CARNICAS VILLAR;www.icvillar.es;CARRETERA MADRID KM. 221;42191;RABANOS (LOS);SORIA;
2055;LECHE GAZA;www.lechegaza.com;POL. INDUSTRIAL EL PINAR 10;49530;CORESES;ZAMORA;
2730;PRODUCTOS AGRARIOS POLIFER;www.productosdeleon.org/productos-agrarios-polifer;CARRETERA DE MADRID-LA CORUÑA KM. 302,4;24750;BAÑEZA (LA);LEON;
2904;ROSQUILLAS LEDESMINAS;www.rosquillasledesminas.es;CALLE POLICARPO CUEVAS TRILLA 5  BAJO;37100;LEDESMA;SALAMANCA;
2922;QUESOS MONTES BRAVOS;www.montesbravos.es;CAMINO DE RINCONADA S/N;05149;SOLANA DE RIOALMAR;AVILA;
2925;EL ROBLEDAL;www.mielrobledal.es/;CALLE EL JARDIN S/N;24170;ALMANZA;LEON;
3258;MEORIGA BODEGAS & VIÑEDOS;www.meoriga.com;CARRETERA ALBERITE S/N;47680;MAYORGA;VALLADOLID;
32340;FINCA LAS CARABALLAS;www.lascaraballas.com;CAMINO DE LAS CLARAS, KM. 3 POL. 216, PARC. 28;47400;MEDINA DEL CAMPO;VALLADOLID;
33220;NUESTRA HUERTINA;www.nuestrahuertina.com;POL. INDUSTRIAL DE VIDANES S/N;24950;VIDANES;LEON;
33401;DULCES GLORIA;www.dulcesgloria.es;PLAZA SAN ISIDRO 5  BAJO;09100;MELGAR DE FERNAMENTAL;BURGOS;
35752;EMBUTIDOS TRADICIONALES DE VILLARCAYO;;POL. INDUSTRIAL LAS MERINDADES AVDA. CASTILLA Y LEON 6;09550;VILLARCAYO;BURGOS;
36312;PANADERIA TIERRA LA REINA;www.tierralareina.com;CARRETERA BESANDE 17;24911;BOCA DE HUERGANO;LEON;
36773;ALIMENTOS DESHIDRATADOS ESPAÑOLES;www.natursnacks.es;CALLE ALDEANUEVA 10;47430;PEDRAJAS DE SAN ESTEBAN;VALLADOLID;
37091;ECOTERA HUEVOS ECOLOGICOS;www.ecotera.es/;CALLE SAN PEDRO 28;49330;MILLA DE TERA;ZAMORA;
38935;AHUMADOS ARTESANOS PERSER;https://www.ahumadosartesanosperser.es;CALLE ETREROS 1;40134;SANGARCIA;SEGOVIA;
39576;ALTOS DEL ENEBRO, S.L.;https://altosdelenebro.es;CALLE AVILA 14;9460;MILAGROS;BURGOS;
40215;RAIZ CUADRADA;https://cervezaraizcuadrada.com;POL. INDUSTRIAL LA PEGUERA 19;05110;BARRACO (EL);AVILA;AUTORIZADO
251;APERITIVOS DE AÑAVIEJA;www.anavieja.com;CARRETERA DE AÑAVIEJA KM. 0,3;42108;MURO;SORIA;
402;BODEGAS GIL LUNA;www.giluna.es;CARRETERA TORO-SALAMANCA KM. 2;49800;TORO;ZAMORA;
427;BODEGA REJADORADA;www.rejadorada.com;CARRETERA SAN ROMAN-MORALES DE TORO KM. 0,9;47530;SAN ROMAN DE HORNIJA;VALLADOLID;
507;BODEGAS FRANCISCO CASAS;www.bodegascasas.com;AVENIDA COMUNEROS 67;49810;MORALES DE TORO;ZAMORA;
621;BODEGAS FRUTOS ARAGON;www.frutosaragon.com;CALLE PARAJE DEL PORTILLO S/N;09300;ROA;BURGOS;
671;COMERCIALIZADORA DE VACUNO SELECTO AVILEÑO NEGRO IBERICO;www.carneavila.com;POL. INDUSTRIAL  LAS HERVENCIAS C/ RIO CEA 1;05004;AVILA;AVILA;
900;CHACINERIAS DIAZ;www.chacineriasdiaz.com;POL. INDUSTRIAL CASTELLANOS DE MORISCOS PARC. 505-506;37439;CASTELLANOS DE MORISCOS;SALAMANCA;
1086;DE LA FUENTE CUESTA, JUAN MARTIN;www.embutidosdepoza.com/;CARRETERA GAMONAL-POZA S/N;09520;POZA DE LA SAL;BURGOS;
1244;EMBUTIDOS LA HOGUERA;www.lahoguera.es;CALLE CARRERA MEDIANA 9;42174;SAN PEDRO MANRIQUE;SORIA;
1279;EMBUTIDOS Y JAMONES EL PERNIL;www.elpernil.es;POL. INDUSTRIAL CASTELLANOS MORISCOS 502;37439;CASTELLANOS DE MORISCOS;SALAMANCA;
1419;EMBUTIDOS PAJARIEL;www.pajariel.com;POL. INDUSTRIAL BIERZO ALTO, PARC. I- A2;24318;SAN ROMAN DE BEMBIBRE;LEON;
1507;FABRICA DE QUESOS GARCIA CALVO;www.quesosgarciacalvo.es;CALLE PRIMO DE RIVERA S/N;37258;VILVESTRE;SALAMANCA;
1756;AÑOJAL;www.salvadormartin.es;CALLE AMABLE CRIADO 32;37778;CAMPILLO DE SALVATIERRA;SALAMANCA;
1852;EMBUTIDOS PEREZ MALMIERCA;www.embutidosperezmalmierca.com;POL. INDUSTRIAL LAS VIÑAS NUEVO MILENIO PARC. 19;37500;CIUDAD-RODRIGO;SALAMANCA;
1912;JAMONES SANZ;www.jamonessanz.com;CALLE JOAQUIN COSTA 13-15;09240;BRIVIESCA;BURGOS;
1927;JAVIER SANZ VITICULTOR;www.bodegajaviersanz.com;CALLE SAN JUDAS 2;47491;SECA (LA);VALLADOLID;
2065;LEGUMER PRECOCINADOS;www.legumer.com;CALLE ROMPIDOS 1;37428;PAJARES DE LA LAGUNA;SALAMANCA;
2214;IBERICOS GUILLEN;www.ibericosguillen.com;CALLE CHINARRAL 23;37770;GUIJUELO;SALAMANCA;
2329;MELQUIADES RODRIGUEZ;www.melquiadesrodriguez.com;CARRETERA N-122 KM. 449,9;49530;CORESES;ZAMORA;
2373;BODEGAS MONTEBACO;www.bodegasmontebaco.com;CALLE FINCA MONTE ALTO;47359;VALBUENA DE DUERO;VALLADOLID;
2684;PIÑONES TERESA MATE;www.teresamate.es;CALLE LAS NORIAS 7-11;47430;PEDRAJAS DE SAN ESTEBAN;VALLADOLID;AUTORIZADO
2778;QUESO MUZIENTES;www.queseriademucientes.com;CARRETERA VILLALBA KM. 1;47194;MUCIENTES;VALLADOLID;
2783;QUESONCALA;www.quesoncala.com;CALLE BARRIO DE ARRIBA S/N;42172;ONCALA;SORIA;
3057;SELECCION DE PRODUCTOS LEONESES;www.legumbreslaasturiana.es;POL. INDUSTRIAL CISTIERNA PARC. 2 CTRA. N-625 KM. 56;24950;VIDANES;LEON;
6101;HORTICOLA DE LA MORAÑA BAJA;www.grupohormoba.com;CARRETERA NOHARRE MAGAZOS S/N;05216;NOHARRE;AVILA;
30500;TRADICION TIERRA DE AGREDA;www.tradiciontierradeagreda.com;POL. INDUSTRIAL VALDEMIES I PARC. 28;42100;AGREDA;SORIA;
32060;PASTELERIA JIBE;www.pasteleriajibe.com;CALLE BOSQUE 3  BAJO;37004;SALAMANCA;SALAMANCA;
32580;FUENTERRICO;;CALLE FERROCARRIL 35;37790;FUENTES DE BEJAR;SALAMANCA;
32585;SINALCOHOL;https://win-zero.com/;CARRETERA SAN BERNARDO S/N;47359;VALBUENA DE DUERO;VALLADOLID;
32723;QUESOS HIRCUS;www.quesoshircus.com;CARRETERA ZAMORA-CARBAJALES KM. 17;49162;PALACIOS DEL PAN;ZAMORA;
33060;NUFRI;www.nufri.com;CAMINO LA RASA S/N;42300;RASA (LA);SORIA;
33840;SOCIEDAD COOPERATIVA CAPRA HISPANICA;;CARRETERA DEL CASTRO CELTA S/N;05489;RASO (EL);AVILA;
35751;DEOVINO;www.deovino.es;POL. INDUSTRIAL PARQUE EMPRESARIAL DE TORDESILLAS C/ AVENA 2;47100;TORDESILLAS;VALLADOLID;
39735;MONASTERIO DE SANTA MARIA DE HUERTA;https://monasteriohuerta.org/;CALLE SAN BERNARDO 29;42260;SANTA MARIA DE HUERTA;SORIA;
40055;BREZOS DEL NORTE & MIEL OSO PARDO;"www.mielesbrezosdelnorte.com/; www.mielosopardo.es/";CALLE LAS ERAS 18;34128;GOZON DE UCIEZA;PALENCIA;
149;AQUADOMUS;www.aquadomus.es;CALLE SUBIDA A VILLALAFUENTE 5;34100;SALDAÑA;PALENCIA;
323;BALNEARIO DE CALABOR;www.calabor.net;CARRETERA BALNEARIO DE CALABOR S/N;49392;CALABOR;ZAMORA;
385;COVITORO;www.covitoro.com;CARRETERA TORDESILLAS 13;49800;TORO;ZAMORA;
435;VALBUSENDA HOTEL BODEGA & SPA;www.bodegasvalbusenda.com;CARRETERA DE TORO-PELEAGONZALO S/N;49880;TORO;ZAMORA;
839;CASALBA;www.casalba.es;CALLE BURGOS 1;09259;VILLAMAYOR DEL RIO;BURGOS;
938;COLLANTES BLANCO, MARIA;www.embutidoscanibanocollantes.com;CALLE BODEGAS 2;47675;BOLAÑOS DE CAMPOS;VALLADOLID;
1280;EMBUTIDOS Y JAMONES GAMAR;www.embutidosgamar.com;CARRETERA CL-603 KM. 83,8;40392;PINILLOS DE POLENDOS;SEGOVIA;
1370;AGUILAR SAMPEDRANO, MARIA PILAR;;AVENIDA DE ZARAGOZA 3;42250;ARCOS DE JALON;SORIA;
1649;NIETO MARTIN;"www.helmanticaterra.es; www.nietomartin.es";CALLE TRASERA DEL TORREON 7;37770;GUIJUELO;SALAMANCA;
1803;CONSERVAS VEGA ESLA;www.vegaesla.com;CALLE TARIFA 41;24223;FRESNO DE LA VEGA;LEON;
1913;JAMONES SEGOVIA;www.altosdeiberia.com;CALLE DE LAS NAVAS S/N;40270;CARBONERO EL MAYOR;SEGOVIA;
1994;BODEGAS LERMA;www.bodegaslerma.com;CARRETERA MADRID-IRUN KM. 203;09340;VILLALMANZO;BURGOS;
2064;LEGUMBRES MONTES;www.legumbresmontes.com;CARRETERA PEDROSILLO 22;37427;VELLES (LA);SALAMANCA;
2075;LICORES EL MAJUELAR;www.elmajuelar.com/;POL. INDUSTRIAL LOS VILLARES C/ GUATEMALA  54;37184;VILLARES DE LA REINA;SALAMANCA;
2080;LISARDO CASTRO MARTIN;www.lisardocastro.com;POL. INDUSTRIAL AGROALIMENTARIO C/ SIERRA HERREROS PARC. 21-22;37770;GUIJUELO;SALAMANCA;
2450;FABRICA DE MORCILLAS ORTEGA;www.morcilladebriviesca.com;CARRETERA DE VALDAZO 7;09240;BRIVIESCA;BURGOS;
2748;ESTRELLA DE CASTILLA;www.estrelladecastilla.es;POL. INDUSTRIAL C/ SIERRA DE FRANCIA 60 62;37770;GUIJUELO;SALAMANCA;
2791;QUESERIAS ENTREPINARES;www.entrepinares.com;POL. INDUSTRIAL ARGALES C/ VAZQUEZ DE MENCHACA 9 PARC. 137;47008;VALLADOLID;VALLADOLID;
2802;QUESOS CERRATO;www.quesoscerrato.com;AVENIDA PEDRO CABEZUDO S/N;34240;BALTANAS;PALENCIA;
2891;CHOCOLATES LA SUPERLATIVA;www.chocolateslasuperlativa.com;AVENIDA RONDA DE CORREDERA 30;49800;TORO;ZAMORA;
2966;VIRGEN DE LA CANALEJA;www.mielorodelalberche.es;CARRETERA VENTA DEL OBISPO S/N;05122;NAVATALGORDO;AVILA;
3228;VINOS SANZ;www.vinossanz.com;CARRETERA MADRID-CORUÑA N-VI KM. 170,5;47490;RUEDA;VALLADOLID;
30280;QUESOS ARTESANOS ILUJOR;www.quesosilujor.com;CARRETERA BARRIO ABAJO S/N;09130;PALACIOS DE BENAVER;BURGOS;
32461;LA CRIBA DE VALSECA;www.lacribadevalseca.com;CALLE HUMILLADERO 11;40390;VALSECA;SEGOVIA;
32581;CARNICAS IBERTESA;;CALLE FERROCARRIL 35;37770;FUENTES DE BEJAR;SALAMANCA;
32781;LACTEAS LA HINIESTA;www.quesoslahiniesta.com;CALLE LA IGLESIA 28;49192;HINIESTA (LA);ZAMORA;
32861;CARNICAS MOMBUEY;;AVENIDA DOCTOR LORENZO S/N;49310;MOMBUEY;ZAMORA;
33642;UILA DONES;www.amardcorian.com;CALLE OLMA 1   BIS;47329;VILLABAÑEZ;VALLADOLID;
33700;ECOEDUCO;www.ecoeduco.es;POL. INDUSTRIAL 206 PARCELA 5096;40242;CAMPO DE CUELLAR;SEGOVIA;
37994;ORGANIZACION DE PRODUCTORES DE LECHE DE OVEJA DE CASTILLA Y LEON;www.opecyl.es;CALLE BARBEROS 1;24700;ASTORGA;LEON;
39195;CHURRERIA&CHOCOLATERIA MARGA;;CALLE LABRADORES 43  3 A;47004;VALLADOLID;VALLADOLID;
40295;BODEGAS Y VIÑEDOS CASTILLO LATARCE;;CARRETERA MEDINA DE RIOSECO, KM 1;49800;TORO;ZAMORA;
374;BODEGAS CANTAMORA;www.bodegascantamora.com;TRAVESIA DE LAS ERAS 2;47315;PESQUERA DE DUERO;VALLADOLID;
458;BODEGAS ARCO DE CURIEL;www.arcocuriel.com;CALLE CALVARIO S/N;47316;CURIEL DE DUERO;VALLADOLID;
542;BODEGAS MUELAS DE TORDESILLAS;www.bodegamuelas.com;CALLE SANTA MARIA 3;47100;TORDESILLAS;VALLADOLID;
866;CECINAS PABLO;www.cecinaspablo.com;CARRETERA MADRID-LA CORUÑA S/N POLIG. INDUSTRIAL PARC. 51-53;24700;ASTORGA;LEON;
939;QUESOS ARTESANALES LA ANTIGUA;www.quesovillaumbrales.wordpress.com;CALLE SANTA BARBARA S/N;34192;VILLAUMBRALES;PALENCIA;
1166;DULCES VELA;www.dulcesvela.es;CALLE PONIENTE 10B;47420;ISCAR;VALLADOLID;
1272;EMBUTIDOS VILLAMAYOR DE CAMPOS;;CARRETERA MEDINA DE RIOSECO 6;49131;VILLAMAYOR DE CAMPOS;ZAMORA;
1351;FAUNDEZ GOURMET;www.faundez.com;CAMINO DE LA RODERA 69;49519;RABANALES;ZAMORA;
1354;PATATAS FRITAS FATIMA;www.patatasfritasfatima.com;CALLE JOSE MENDEZ 31;37184;POLIGONO INDUSTRIAL LOS VILLARES;SALAMANCA;
1357;QUESOS DE HINOJOSA;www.quesosdehinojosa.com;CALLE EGIDO 13;37230;HINOJOSA DE DUERO;SALAMANCA;
1471;GALLETAS SIRO;www.ceralto.com;AVENIDA DE BURGOS 29;34200;VENTA DE BAÑOS;PALENCIA;
1697;ARTESANOS DEL ARCO HERNÁNDEZ;www.quesodebogajo.es;CALLE TORAL 11;37291;BOGAJO;SALAMANCA;
1746;PATATAS HIJOLUSA;www.hijolusa.es;POL. INDUSTRIAL DE LEON-FASE 2 PARCELA M33;24391;RIBASECA;LEON;
2224;MARIANO LOPEZ E HIJOS;www.zamarras.com;CALLE CANONGIA 28;40360;CANTIMPALOS;SEGOVIA;
2226;MARIANO PASCUAL;www.marianopascual.com;CALLE SEGOVIA 30;40270;CARBONERO EL MAYOR;SEGOVIA;
2232;PANIFICADORA ARTESANA ANGEL MAROTO;www.panificadoraartesanaangelmaroto.es;CALLE PASADA 5;40422;OTERO DE HERREROS;SEGOVIA;
2727;PRODUCIONES AVICOLAS EL GRANJERO;www.huevoselgranjero.com;AUTOVIA DE PINARES 601 KM. 44;40200;CUELLAR;SEGOVIA;
2843;RENALTERRA;www.vinosrenalte.com;PLAZA MAYOR 2  BAJO;09370;GUMIEL DE IZAN;BURGOS;
3112;FRUTAS TABUENCA;www.verdurastabuenca.com;CARRETERA DE VALLADOLID KM. 148;40200;CUELLAR;SEGOVIA;
3254;VIÑAS DEL BIERZO;www.granbierzo.com;CALLE PROLONGACION CAMINO DE SANTIAGO S/N;24410;CAMPONARAYA;LEON;
10616;HONGOS DE ZAMORA;www.honza.es;POL. INDUSTRIAL VALCAVADO C/ LAGAR DE AVEDILLO NAVES 1 Y 2;49024;ZAMORA;ZAMORA;
31180;LEGUMBRES PENELAS;www.legumbrespenelas.com;POL. INDUSTRIAL VILLAREJO 38-51;24358;VILLAREJO DE ORBIGO;LEON;
32682;GONZALEZ PEREZ, PABLO ALBERTO;;CALLE LA FUENTE 31;37750;CESPEDOSA DE TORMES;SALAMANCA;
33360;BODEGAS FRONTAURA;https://bodegasnexusfrontaura.com/;CARRETERA PESQUERA - RENEDO  S//N;47315;PESQUERA DE DUERO;VALLADOLID;
34421;VIÑEDOS LA DEHESA;www.bodegasvetusta.com;AVENIDA PORTUGAL, 54 PARCELA 16, NAVE 1;09400;ARANDA DE DUERO;BURGOS;
34706;HORNAZOS ROMERO;www.panaderiaromero.com;CALLE CANDIDO ALBARRAN 46  BAJO;37006;SALAMANCA;SALAMANCA;
35891;QUESOS REVILLA;www.quesosrevilla.com;POL. INDUSTRIAL CAMPO AVIACION, PARC 38 C/ COMANDANTE ALVAREZ RAIGADA;49530;CORESES;ZAMORA;
36315;CUESTAS DE PAN;;CALLE REAL 26;34246;CASTRILLO DE DON JUAN;PALENCIA;
36333;LEYENDA DEL PARAMO;www.leyendadelparamo.es/;CARRETERA DE LEON S/N PARAJE EL CUETO;24230;VALDEVIMBRE;LEON;
37011;EMBUTIDOS ARTESANOS IGLESIAS RODRIGUEZ;https://www.iglesiasrodriguez.es/;CALLE PRINCIPE FELIPE 85;37770;GUIJUELO;SALAMANCA;
37253;CARNES SELECTAS 2000;www.campofriofrescos.es;CALLE CONDADO DE TREVIÑO 73;09001;BURGOS;BURGOS;
38093;GONZALEZ ALVAREZ, MARIA DE LA PAZ;;CALLE AREAL 4;24442;CARUCEDO;LEON;
40355;BODEGA VINCULO SERRANO;https://bodegavinculoserrano.es;CALLE SANTÍA 22;37671;SAN ESTEBAN DE LA SIERRA;SALAMANCA;
25;ASOCIACION PROMOCION DE LA TERNERA DE ALISTE;www.terneradealiste.es;CALLE BARRIO NUEVO 9;49510;FONFRIA;ZAMORA;
211;ALVAREZ LEGUMBRES;www.alvarezlegumbres.com;CALLE SALAS POMBO 27;37420;GOMECELLO;SALAMANCA;
274;QUESERIA ARTESANA CELESTINO ARRIBAS;www.celestinoarribas.com;CALLE HONDA 10;40350;ESCALONA DEL PRADO;SEGOVIA;
299;CASTILLO DE ISCAR;;CARRETERA CUELLAR-OLMEDO KM. 17,8;47420;ISCAR;VALLADOLID;
307;AVELINO VEGAS;www.avelinovegas.com;POL. INDUSTRIAL 1 PARCELAS 69 Y 70;40460;SANTIUSTE DE SAN JUAN BAUTISTA;SEGOVIA;
406;BODEGA LA ASUNCION DE NTRA. SRA.;www.asunciongumiel.com;CARRETERA MADRID-IRUN S/N;09370;GUMIEL DE IZAN;BURGOS;
416;BODEGAS Y PAGOS DE MATARREDONDA;www.matarredonda.es;CARRETERA TORO-VALDEFINJAS KM. 2,5;49800;TORO;ZAMORA;
517;BODEGAS HERMANOS SASTRE;www.vinasastre.com;CALLE SAN PEDRO S/N;09311;HORRA (LA);BURGOS;
628;LLEIROSO;https://bodegaslleiroso.com/;POL. INDUSTRIAL PARC. 14 COTO DE SAN BERNARDO DE VALBUENA DE DUERO;47359;VALBUENA DE DUERO;VALLADOLID;AUTORIZADO
871;FRUTIBIERZO;www.frutibierzo.es;CARRETERA DEHESAS A POSADA DEL BIERZO-NAVE FRUTIBIERZO;24390;DEHESAS;LEON;
1274;MIRATONDA;www.miratonda.com;CAMINO FUENTERROBLE S/N;37770;GUIJUELO;SALAMANCA;
1470;BIZCOCHOS INO&ELI;www.bizcochosnoel.com;CARRETERA MADRID-IRUN KM. 201;09340;LERMA;BURGOS;
1474;LOS DULCES DE MARY;;CALLE BENITO PEREZ GALDOS 12;37730;LEDRADA;SALAMANCA;
1754;HIJOS DE RUFINO IGLESIAS;www.hijosderufinoiglesias.com;CALLE CANONIGA 25;47194;MUCIENTES;VALLADOLID;
1894;LEGUMBRES J. PEDRAZ;;CALLE CENTRO RURAL 24;37420;GOMECELLO;SALAMANCA;
2129;LA QUESERA DE RUEDA;www.laqueseraderueda.com;CARRETERA N-VI MADRID-LA CORUÑA KM. 172,100;47490;RUEDA;VALLADOLID;
3024;INDUSTRIAS CARNICAS ROAL;www.industriascarnicasroal.com;CARRETERA SORIA-PLASENCIA KM. 281;05540;TORRE (LA);AVILA;
26041;BODEGAS SIERRA;www.bodegassierra.com;CARRETERA MADRID-IRUN KM. 203,7;09390;VILLALMANZO;BURGOS;
30360;JULIAN BECERRO E HIJOS;www.julianbecerro.com;CALLE ERAS 6;37624;ALBERCA (LA);SALAMANCA;
33740;BENITO ROLDAN, LUIS MIGUEL;www.elgarbanzaldevalseca.com;CALLE AMARGURA 8;40390;VALSECA;SEGOVIA;
35810;OENANTHE;;CALLE LOS LIENZOS 2;34338;ABARCA DE CAMPOS;PALENCIA;
35889;MIEL MONTE ALISTE;;CALLE RABANO 3;49516;SEJAS DE ALISTE;ZAMORA;
36951;COMERCIAL DISTRIBUCION Y LOGISTICA MAR DE SANGENJO;;CALLE JUAN ANTONIO CARMONA 12;47500;NAVA DEL REY;VALLADOLID;
38195;LOZANO ENCINA, ENRIQUE;www.bunkerdistillery.com;CALLE LA CARRETERA 23;24343;GRAÑERAS (LAS);LEON;
38375;LEGUMBRES EL RUA;www.legumbreselrua.es;CALLE AREVALO 9;05215;TORNADIZOS DE AREVALO;AVILA;
38735;LA FLOR DE VALSECA;;PLAZA VEGUILLA DE AVILA 1;40390;VALSECA;SEGOVIA;
39955;ZUCCA;http://www.queseriazucca.com;CALLE ANTONIO MACHADO 10;47160;PORTILLO;VALLADOLID;
40275;PISZACHO;https://www.frutossecosdibel.com/;CALLE GARRIDO 15   A;49156;GUARRATE;ZAMORA;
14;ASOCIACION PARA LA PROMOCION DE LA HARINA ZAMORANA;www.harinatradicionalzamorana.com;CALLE JIMENEZ DE QUESADA 2  BAJO;49012;ZAMORA;ZAMORA;
64;CONSEJO REGULADOR I.G.P. CARNE DE SALAMANCA;www.carnedemoruchadesalamanca.org;CALLE  SANTA CLARA 20;37001;SALAMANCA;SALAMANCA;
391;BODEGA DEHESA DE LOS CANONIGOS;www.bodegadehesadeloscanonigos.com;CARRETERA VALBUENA-PESQUERA KM.  39;47315;PESQUERA DE DUERO;VALLADOLID;
471;BODEGAS CASTELO DE MEDINA;www.castelodemedina.com/es;CARRETERA CL-602 KM. 48;47465;VILLAVERDE DE MEDINA;VALLADOLID;
493;BODEGAS EL LAGAR DE ISILLA;www.lagarisilla.es;CALLE CAMINO REAL 1;09471;VID (LA);BURGOS;
512;BODEGAS GARCIAREVALO;www.garciarevalo.com;PLAZA SAN JUAN S/N;47230;MATAPOZUELOS;VALLADOLID;
592;BODEGAS VALDUBON;www.valdubon.es;CARRETERA ANTIGUA N-1 KM. 151;09460;MILAGROS;BURGOS;
706;QUESERIA CAMPO PRIETO;www.quesoscampoprieto.com;CARRETERA TORO 5;49717;CUELGAMURES;ZAMORA;
1225;EMBUTIDOS EUSEBIO;www.embutidoseusebio.com;CALLE LA IGLESIA 37;37624;ALBERCA (LA);SALAMANCA;
1234;EMBUTIDOS HERMANOS ACEBES;;CALLE VALLADOLID 15;47310;CAMPASPERO;VALLADOLID;
1283;EMBUTIDOS Y JAMONES LEMA;www.embutidoslema.es;TRAVESIA FUENTE MALA 4;49610;SANTIBAÑEZ DE VIDRIALES;ZAMORA;
1402;FLORENCIO GOMEZ;www.florenciogomez.es;CALLE ARRIBA 2;37730;LEDRADA;SALAMANCA;
1468;GALLETAS ANGULO;www.galletasangulo.com;CARRETERA PALENCIA S/N;09340;LERMA;BURGOS;
1469;GALLETAS GULLON;www.gullon.es;CARRETERA DE BURGOS KM. 1,5;34800;AGUILAR DE CAMPOO;PALENCIA;
1472;GALLETAS TEJEDOR;www.galletastejedor.es;AVENIDA DE VALLADOLID 60;42005;SORIA;SORIA;
1487;IBERICOS ALHANDIGA;www.ibericosalhandiga.com;CARRETERA N-630 GIJON-SEVILLA KM. 369,2;37789;FRESNO-ALHANDIGA;SALAMANCA;
1757;QUESOS EL PASTOR;www.elpastor.com;CARRETERA DE MOZAR KM. 1;49620;SANTA CRISTINA DE LA POLVOROSA;ZAMORA;
1801;HORTICOLAS MURILLO;;POL. INDUSTRIAL 5 PARC. 13 C/ CONDE DE VALLELLANO S/N;47238;ALCAZAREN;VALLADOLID;
1864;CASCAJARES;www.cascajares.com;POL. INDUSTRIAL DE DUEÑAS SECTOR 4 C/ VEGAPALACIOS 1 PARC. 19-20-21;34210;DUEÑAS;PALENCIA;
2009;LOS REJOS EMBUTIDOS;www.losrejos.com;CALLE CONSTITUCION 178;24800;CISTIERNA;LEON;
2280;JUAN JOSE MARTINEZ YEBRA;www.bodegamartinezyebra.es;TRAVESIA  SAN PEDRO 96;24530;VILLADECANES;LEON;
2407;NARCISO POSTIGO E HIJOS;www.narcisopostigo.es;CALLE CANONGIA 24;40360;CANTIMPALOS;SEGOVIA;
2757;PRODUCTOS RAMOS;;CALLE CANTARRANAS 5-7;24325;GORDALIZA DEL PINO;LEON;
2841;REINA KILAMA;www.reinakilama.com;CALLE CRUCE CTRA. DE VALERO S/N;37763;SAN MIGUEL DE VALERO;SALAMANCA;
2986;MIEL ECOLOGICA FABUS;www.mielecologicafabus.com;CALLE PRADO 5;37291;BOGAJO;SALAMANCA;
3081;SIMON MARTIN GUIJUELO;www.simonmartin.es;POL. INDUSTRIAL AGROALIMENTARIO C/ SIERRA HERREROS P 7 (APDO. CORREOS 112);37770;GUIJUELO;SALAMANCA;
3229;VINOS VALTUILLE;www.vinosvaltuille.com;CALLE PROMADELO S/N;24530;VALTUILLE DE ABAJO;LEON;
35610;AN AVICOLA MELIDA;www.grupoan.com;POL. INDUSTRIAL DE VICOLOZANO PARCELA 11-17;05194;VICOLOZANO (BRIEVA-VICOLOZANO);AVILA;
35689;CARRALAMATA;;CALLE FUENTEBLANCA 2;40353;HONTALBILLA;SEGOVIA;
36272;EMBUTIDOS LA PRADERA;www.embutidoslapradera.com;CALLE CAMILO JOSE CELA 2;24689;FONTUN DE LA TERCIA;LEON;
36291;AGROPAL GRUPO ALIMENTARIO;www.agropalsc.com;CALLE FRANCIA P52;34004;PALENCIA;PALENCIA;
36771;LEGUMBRES EL PEREGRINO;;CAMINO FINCA EL VILLAR - CTRA. VALCABADO-NORA DEL RIO, KM 5;24791;ROPERUELOS DEL PARAMO;LEON;
39715;NOGALES DEL DUERO;www.caliza.eu;AVENIDA SAN GREGORIO 6;47316;PIÑEL DE ARRIBA;VALLADOLID;
40395;DULCES GALICIA SL;;CALLE CENTENO  10;47100;TORDESILLAS;VALLADOLID;
179401;MORCILLAS DE VILLADA;www.morcilladevillada.com;CALLE NUESTRA SEÑORA DE LA CARRERA 1;34349;VILLACIDALER;PALENCIA;
441;BODEGA VIÑAGUAREÑA;www.vinotoro.com;CARRETERA TORO-SALAMANCA KM. 12,500;49800;TORO;ZAMORA;
509;BODEGAS FUENTENARRO;www.fuentenarro.com;CALLE CONSTITUCION 32;09311;HORRA (LA);BURGOS;
531;BODEGAS LOPEZ CRISTOBAL;www.lopezcristobal.com;CALLE BARRIO DE LA ESTACION S/N;09300;ROA;BURGOS;
568;BODEGAS S. ARROYO;www.tintoarroyo.com;CARRETERA ROA S/N;09441;SOTILLO DE LA RIBERA;BURGOS;
795;CARNICAS SANTIAGO GARCIA;www.jamonsantiago.com;CALLE LA HIGUERA 1;37730;LEDRADA;SALAMANCA;
1382;QUESOS DE ENTREVIÑAS;www.quesosentrevinas.com;CAMINO DEL RIO 1630;49690;SAN CRISTOBAL DE ENTREVIÑAS;ZAMORA;
1751;BODEGA COVARRUBIAS;www.valdable.com;CALLE GOMEZ DE SALAZAR 18;09346;COVARRUBIAS;BURGOS;
1849;CARNICAS IGLESIAS;www.carnicasiglesias.com;CARRETERA MADRID 5;37900;SANTA MARTA DE TORMES;SALAMANCA;
2047;SIDRA CARRAL;www.sidracarral.com;CALLE LA FUENTE 13;24153;SANTA MARIA DEL CONDADO;LEON;
2063;LEGUMBRES LUENGO;www.legumbresluengo.com;POL. INDUSTRIAL VIA DE LA PLATA CTRA. N-VI KM. 314;24794;RIEGO DE LA VEGA;LEON;
2090;CONSERVAS SETRA;;CALLE CONCEJO 45;49500;TRABAZOS;ZAMORA;
2097;MIEL EL CAMINO DEL CID;;CAMINO DE VERGUILLA S/N;42190;GOLMAYO;SORIA;
2099;PASTELERIA SOLES DE GREDOS;https://pasteleriasolesdegredos.com/;CALLE PIEDRACABALLERA 6  BAJO;05123;HOYOCASERO;AVILA;
2113;EMBUTIDOS FLORES;www.embutidosflores.com;CALLE SALAS POMBO S/N;37114;VILLASECO DE LOS GAMITOS;SALAMANCA;
2122;LUIS DOMINGO HERNANDEZ E HIJOS;www.luisdomingo.com;POL. INDUSTRIAL RIO MARGAÑAN 1-2;37770;GUIJUELO;SALAMANCA;
2765;PRODUCTOS VIRGEN DEL BREZO;www.virgendelbrezo.com;CARRETERA DE LA VALDAVIA 13;34870;SANTIBAÑEZ DE LA PEÑA;PALENCIA;
2807;QUESOS HERNANDEZ GARCIA;www.quesoshernandezgarcia.com;CARRETERA VALLADOLID S/N;47639;VILLALBA DE LOS ALCORES;VALLADOLID;
24378;GARRAPIÑADAS MARIO SANCHEZ;;CALLE GABRIEL Y GALAN 5  3º A;37700;BEJAR;SALAMANCA;
32540;BODEGAS Y VIÑEDOS ACEÑA;www.terraesteban.com;POL. INDUSTRIAL LAS CARRETAS CALLE C 1;42330;SAN ESTEBAN DE GORMAZ;SORIA;
32721;TENOIRA GAYOSO;www.tenoiragayoso.com;URBANIZACION EL GUINDALEDO S/N;24500;VILLAFRANCA DEL BIERZO;LEON;
33140;BODEGAS BRIONES ABAD;www.cantamuda.com;CALLE ISABEL LA CATOLICA 42;09300;ROA;BURGOS;
33186;LICORES LOS PINARES;www.licoreslospinares.es;CALLE LA MUÑOZA 5;40442;SAMBOAL;SEGOVIA;
34505;TERMINO DE MIRANDA;www.terminodemiranda.es;CARRETERA DE LA NARRA 100   A;09200;MIRANDA DE EBRO;BURGOS;
36234;BODEGAS J. FLORES;www.bodegasjflores.com;CALLE ARBOL DEL PARAISO 15;47300;PEÑAFIEL;VALLADOLID;
37051;CHOCOLATE REFART;www.chocolaterefart.com;CARRETERA DE LA ALDEHUELA (VIVERO DE EMPRESAS) NAVE 9;49021;ZAMORA;ZAMORA;
38835;BODEGAS Y VIÑEDOS VICARAL;www.vicaralwines.com;CARRETERA CL610, KM. 24;47231;SERRADA;VALLADOLID;
38915;ELABORADOS Y PRODUCTOS CARNICOS DE LEON;www.boezaleon.es;POL. INDUSTRIAL VILLADANGOS C/2  50;24392;VILLADANGOS DEL PARAMO;LEON;
38955;HACIENDA TINTAURUS;;CARRETERA NACIONAL 122 KM. 433;49800;TORO;ZAMORA;
39675;AGROBERRY ORIGINAL FROM ZAMORA;http://www.agroberry.es;CARRETERA ZAMORA 16;49183;ALMENDRA;ZAMORA;
196;PABLO A. VILLALPANDO;www.quesospabloalonsomartin.com;CALLE REAL 27;49630;VILLALPANDO;ZAMORA;
204;ALTA MORAÑA;www.amsc.es;CARRETERA SAN PEDRO PAPATRIGO KM. 1;05350;SAN PEDRO DEL ARROYO;AVILA;
271;AROTZ FOODS;www.arotz.com;CARRETERA SAGUNTO BURGOS KM. 399;42149;NAVALENO;SORIA;
432;BODEGA VALDRINAL;www.valdrinal.com;CAMINO DE LA VEGA S/N, POL. 4, PARC. 130-133;40533;ALDEHORNO;SEGOVIA;
546;BODEGAS PASCUAL;www.bodegaspascual.com;CARRETERA DE ARANDA KM. 5;09471;FUENTELCESPED;BURGOS;
598;BODEGAS VEGA SAUCO;www.vegasauco.com;CARRETERA NACIONAL 122 KM. 417,8;49810;MORALES DE TORO;ZAMORA;
620;BODEGAS Y VIÑEDOS FERNANDEZ RIVERA;https://familiafernandezrivera.com;CALLE FINCA LA GRANJA;49420;VADILLO DE LA GUAREÑA;ZAMORA;
844;CASTA NOBLE;www.castanoble.com;AVENIDA ASTORGA 13;24794;RIEGO DE LA VEGA;LEON;
845;CASTAÑAS CAMPELO EXPORTACION;www.campelo.net;CALLE RUA NUEVA 32;24500;VILLAFRANCA DEL BIERZO;LEON;
1590;MIEL LOS MONTES TOROZOS;www.mielmontestorozos.es;CALLE JOSE ANTONIO 11;47641;CASTROMONTE;VALLADOLID;
2010;LA MOLDERA Y LA TRASHUMANCIA.;www.lamolderareal.com;CALLE LARGA S/N;24732;SANTIAGO MILLAS;LEON;
2139;LA ESPIGA DE CASTILLA;;CALLE CERRADA 14;37427;VELLES (LA);SALAMANCA;
2422;BODEGAS ROQUESAN;www.roquesan.es;CAMINO DE LA BODEGA S/N;09454;QUEMADA;BURGOS;
2537;PANADERIA SALAZAR;www.panaderiasalazar.com;CALLE LA PLATA 2;34440;FROMISTA;PALENCIA;
2649;BODEGAS VIZAR;www.bodegasvizar.es;CARRETERA NACIONAL 122 KM. 342;47329;VILLABAÑEZ;VALLADOLID;
2737;PRODUCTOS CARNICOS EL CASTRO;www.pcelcastro.com;CALLE EL VALLE S/N;24760;CASTROCALBON;LEON;
30340;QUESOS GARCIA FILLOY;www.quesosfilloy.com;CALLE GENERAL FRANCO 22;37220;FREGENEDA (LA);SALAMANCA;
32460;AGUAS DE SAN JOAQUIN;www.aguasdesanjoaquin.com;CALLE FINCA DE SAN JOAQUIN DE HUELMOS DEL CAÑEDO S/N;37798;VALDUNCIEL;SALAMANCA;
33327;NEXUS BODEGAS;https://bodegasnexusfrontaura.com/;CARRETERA DE PESQUERA A RENEDO S/N;47315;PESQUERA DE DUERO;VALLADOLID;
35702;MONASTERIO SAN MIGUEL DE LA ESCALADA;www.monasteriodesanmigueldeescalada.com;CALLE LA FRAGUA 12;24166;SAN MIGUEL DE ESCALADA;LEON;
35754;JESUS SANCHEZ DE ARRIBA E HIJAS;www.jamondoguijuelo.com;CALLE ENTRECARRERAS S/N;37720;PUERTO DE BEJAR;SALAMANCA;
36772;AGRYBO 2020;www.bodeganegredo.com;CARRETERA N 622 P.K. 85 (DESVIO VILLAMAN);34257;PALENZUELA;PALENCIA;
38595;MERMELICIAS DE GREDOS;www.mermelicias.com;CARRETERA CANDELEDA-AVILA KM  924;05400;ARENAS DE SAN PEDRO;AVILA;
39055;VIÑAS MURILLO;www.vinasmurillo.es;POL. INDUSTRIAL 1 PARC 23;47238;ALCAZAREN;VALLADOLID;
39175;AGUAS MINERALES DE AVILA;www.ursu9.es/es;CARRETERA SANCHIDRIAN-SALAMANCA KM. 17;05164;OSO (EL);AVILA;
39335;GONZALEZ GARCIA, FRANCISCO JOSE;http://www.mielegante.es;CALLE EL CAÑO 7;47134;TORRELOBATON;VALLADOLID;
40015;DELICATESSEN CASTRO VALNERA;https://delicatessencastrovalnera.com/;POL. INDUSTRIAL VILLASANTE DE MONTIJA 23;09569;VILLASANTE;BURGOS;
231;QUESERIA LA CASONA DE LOS PISONES;www.lacasonadelospisones.com;PASEO LOS PISONES 205B;09001;BURGOS;BURGOS;
297;ASOVINO;www.asovino.com;AVENIDA  TRES CRUCES 35 ENTREPLANTA A;49008;ZAMORA;ZAMORA;
324;BALTASAR MORALEJO E HIJOS;www.pagolosvivales.com;POL. INDUSTRIAL 1 PARC. 33 FINCA PAGO DE LOS VIVALES;49530;CORESES;ZAMORA;AUTORIZADO
585;PEÑAMONTE;www.bodegastorreduero.com;POL. INDUSTRIAL NORTE PARC. 5;49800;TORO;ZAMORA;
1032;NTRA. SRA. DE LA ANTIGUA;www.quesosvaldeperocooperativa.com;PASEO TEOFILO CALZADA S/N;34419;FUENTES DE VALDEPERO;PALENCIA;
1215;IBERICOS EL CARPIO HERMANOS MARCOS;www.ibericosdelcarpio.com;CARRETERA ALAEJOS-ATAQUINES KM. 26;47470;CARPIO;VALLADOLID;
1216;EMBUTIDOS DE PABLO;www.embutidosdepablo.com;PLAZA LA FUENTE S/N;42172;COLLADO (EL);SORIA;
1228;EMBUTIDOS FERMIN;www.embutidosfermin.com;CARRETERA DE SALAMANCA KM. 77,300;37624;ALBERCA (LA);SALAMANCA;
1573;IBISMA;www.ibisma.com;POL. INDUSTRIAL LOS VILLARES C/ NICARAGUA 44-45;37184;POLIGONO INDUSTRIAL LOS VILLARES;SALAMANCA;
1646;LA VENTA TABANERA;www.laventatabanera.com;AUTOVIA 601 SALIDA KM. 91;40291;TABANERA LA LUENGA;SEGOVIA;
1739;HIJOS DE EULALIO ESCARDA;www.lacruzdelpobre.es;CALLE CAÑADA 40;47430;PEDRAJAS DE SAN ESTEBAN;VALLADOLID;
1789;HORNILLOS BALLESTEROS;www.hornillosballesteros.info;CALLE EL MOLINO 34;09300;ROA;BURGOS;
1941;IBERICOS JIBER;www.jamonesjiber.com;CALLE POLIG. AGROALIMENTARIO SIERRA DE GREDOS 5 APDO. DE CORREOS 107;37770;GUIJUELO;SALAMANCA;
2387;MORCILLAS MORVEGA;www.morcillasmorvega.es;POL. INDUSTRIAL LA HERRERA I;24812;SAELICES DE SABERO;LEON;
2734;PEÑIN CHOCOLATIER;www.peninseleccion.com;POL. INDUSTRIAL DE VALDERREY C/ AMERICA 10;24793;VALDERREY;LEON;
2753;PRODUCTOS LACTEOS OVEJERO;https://quesosovejero.es/;POL. INDUSTRIAL LA VEGA C/ AVILA 2;09240;BRIVIESCA;BURGOS;
3016;CECINAS EMETERIO SANCHEZ;www.cecinasemeteriosanchez.com;CALLE SAN MIGUEL 12;34140;VILLARRAMIEL;PALENCIA;
3029;FARIZA Y LA FAYA;www.lafaya.es;CALLE TORAL 47;49213;FARIZA;ZAMORA;
15050;JULIAN RAMOS TABARES;www.julianramostabares.com;CALLE CORRALILLOS 14;37770;GUIJUELO;SALAMANCA;
31840;QUESOS LA OLMEDA;;CALLE DEL RIO 32;34116;LAGUNILLA DE LA VEGA;PALENCIA;
32500;PAGO TRASLAGARES;www.traslagares.com;AUTOVIA DEL NOROESTE A-6 KM. 166,400 MARGEN DERECHO;47490;RUEDA;VALLADOLID;
32504;BODEGAS NAVALTALLAR;www.navaltallar.com;CARRETERA CARRASCAL S/N POLIG. 1 PARC. 3-4;40331;NAVALILLA;SEGOVIA;
33240;"PRODUCTOS ""EL VILLAR""";www.productoselvillar.com;CARRETERA DE TORRELOBATON 6;47134;GALLEGOS DE HORNIJA;VALLADOLID;
35853;CARNICAS ZARATAN;www.iberianstarfoods.es;POL. INDUSTRIAL SAN CRISTOBAL C/ CROMO 37;47012;VALLADOLID;VALLADOLID;
38455;IBERICOS JOSE PUERTO;www.josepuerto.es;CALLE VALLADOLID 9;37439;CASTELLANOS DE MORISCOS;SALAMANCA;
39577;MALVID VERDEJO;https://www.lasecanasverdejo.es/;CALLE LA SALETA 10  1 C;47491;SECA (LA);VALLADOLID;AUTORIZADO
40155;ORO DEL DUERO;https://orodelduero.com;CALLE PIO BASANTA 46;47250;MOJADOS;VALLADOLID;
428;BODEGA DOBLE R;ww.bodegadobler.com;CARRETERA DE VALLADOLID 1;09315;FUENTECEN;BURGOS;
572;BODEGAS SEÑORIO DE NAVA;www.senoriodenava.es;CARRETERA VALLADOLID-SORIA KM. 62;09318;NAVA DE ROA;BURGOS;
584;BODEGAS TORREDEROS;www.torrederos.com;CARRETERA VALLADOLID KM. 289,300;09318;FUENTELISENDO;BURGOS;
603;BODEGAS VINOS DE LEON;www.bodegasvinosdeleon.es;CALLE LA VEGA S/N;24009;LEON;LEON;
644;BODEGAS Y VIÑEDOS VALDERIZ;www.valderiz.com;CARRETERA DE PEDROSA KM. 1;09300;ROA;BURGOS;
799;CARNICAS TEBI;;CAMINO DE CARPIO S/N;47464;NUEVA VILLA DE LAS TORRES;VALLADOLID;
1033;CAMPAL;www.legumbresdesalamanca.es;CARRETERA DE GOMECELLO KM. 0,5;37427;PEDROSILLO EL RALO;SALAMANCA;
1178;ECOMANJAR;www.ecomanjar.com;CAMINO DE CANTALEJO S/N;40352;LASTRAS DE CUELLAR;SEGOVIA;
1214;EMBUTIDOS DE CARDE¿A;www.morcilladeburgos.com;CALLE LA VEGA 111;09194;CARDEÑADIJO;BURGOS;
1240;EMBUTIDOS RIOS;www.embutidosrios.es;POL. INDUSTRIAL LAS MERINDADES 8;09550;VILLARCAYO;BURGOS;
1594;GORDONZELLO;www.gordonzello.com;CALLE ALTO DE SANTA MARINA S/N;24294;GORDONCILLO;LEON;
1603;GRANJA PINILLA;www.granjapinilla.com;CALLE LAS CALLEJAS S/N;47440;MEGECES;VALLADOLID;
1800;HORTICOLA ESMA;www.horticolaesma.com;CARRETERA VALLADOLID-MEDINA DEL CAMPO KM. 20,6;47239;VILLANUEVA DE DUERO;VALLADOLID;
1938;JESUS PALOMO E HIJOS;www.jesuspalomoehijos.com;CARRETERA YANGUAS 7;40360;CANTIMPALOS;SEGOVIA;
2012;FABRICA DE HARINAS LA PALENTINA;www.harinaslapalentina.es;CARRETERA PALENCIA-SANTANDER N-611 KM. 13,200;34419;VILLALOBON;PALENCIA;
2219;MARCIAL CASTRO;www.marcialguijuelo.es;POL. INDUSTRIAL 1-2 C/ 1 8;37770;GUIJUELO;SALAMANCA;
2292;MATADERO DE GUIJUELO;www.maguisa.net;CALLE FILIBERTO VILLALOBOS 2;37770;GUIJUELO;SALAMANCA;
2424;BODEGAS RAIZ Y PARAMO DE GUZMAN;"www.paramodeguzman.es; https://raizdeguzman.com/";CARRETERA CIRCUNVALACION R-30 S/N;09300;ROA;BURGOS;
26554;BODEGAS SERVILIO-ARRANZ;www.bodegaservilio.com;CALLE ONESIMO REDONDO 39;47315;PESQUERA DE DUERO;VALLADOLID;
31340;BODEGAS DIVINA PROPORCION;www.divinaproporcionbodegas.com;POL. INDUSTRIAL 2 CAMINO DEL CRISTO PARC. 692;49800;TORO;ZAMORA;
32582;BOLLERIA MARIANO HERNANDEZ;www.bolleriamarianohernandez.com;PLAZA DE LA MAGANA 1;05001;AVILA;AVILA;
35701;BODEGA TRES PILARES;www.bodega3pilares.com;CALLE EL RANCHO 3;47491;SECA (LA);VALLADOLID;
35869;VITALUS DISTRIBUCION ALIMENTARIA;www.vitalus.es;CARRETERA ALDEAVIEJA DE TORMES;37779;ALDEAVIEJA DE TORMES;SALAMANCA;
38215;BODEGAS PRIETO PARIENTE;www.josepariente.com;CARRETERA RUEDA KM. 2,5;47491;SECA (LA);VALLADOLID;
22;MARCA DE GARANTÍA CARNE DE CERVERA;http://www.carnedecervera.es;CARRETERA DE AGUILAR PARCELA 38 D;34840;CERVERA DE PISUERGA;PALENCIA;
301;ASTURLESA CENTRAL QUESERA;www.ceaesla.com;AVENIDA CONSTITUCION S/N;24210;MANSILLA DE LAS MULAS;LEON;
311;HUEVOS VELASCO;www.huevosvelasco.com;CARRETERA NACIONAL VI KM. 84,600 CAMINO SAN BARTOLOME S/N;40150;VILLACASTIN;SEGOVIA;
325;ROSQUILLAS BLETISA;www.rosquillasdeledesma.com;CALLE SAN MIGUEL 14;37100;LEDESMA;SALAMANCA;
426;BODEGA REINA DE CASTILLA;www.reinadecastilla.es;CAMINO LA MOYA S/N;47491;SECA (LA);VALLADOLID;
739;CARNES Y EMBUTIDOS LA RIBERA;www.embutidosllamas.com;AVENIDA PRINCIPAL 25;24271;LLAMAS DE LA RIBERA;LEON;
741;CARNICAS ALRO;www.industriascarnicasroal.com;CARRETERA VILLAVICIOSA 18;05130;SOLOSANCHO;AVILA;
1021;COSECHEROS DE ACEITUNAS EL PUENTE;www.aceiteselpuentedegredos.es;PASEO SANTA LUCIA 1;05400;ARENAS DE SAN PEDRO;AVILA;
1189;EL HORNO DE ANGEL;www.elhornodeangel.es;CALLE ORFEBRES 4;34004;PALENCIA;PALENCIA;
1262;EMBUTIDOS SANTA CRUZ DE MONTES;www.embutidosantacruz.com;POL. INDUSTRIAL DEL BIERZO ALTO PARC. Q10-11;24318;SAN ROMAN DE BEMBIBRE;LEON;
1362;CONFITERIA RODRI;www.confiteriarodri.es;AVENIDA PALENCIA 35  BAJO;47010;VALLADOLID;VALLADOLID;
1888;ISIDRO GONZALEZ REVILLA;www.isidrogonzalezrevilla.es;CALLE FERROCARRIL 35;37790;FUENTES DE BEJAR;SALAMANCA;
2069;REPOSTERIA LA GIRALDA DE CASTILLA;www.lagiraldadecastilla.es;CALLE RONDA DE LAS FLORES 10;47230;MATAPOZUELOS;VALLADOLID;
2243;MARTIN CUESTA;www.martincuesta.com;AUTOVIA A-601 SALIDA 66;40240;GOMEZSERRACIN;SEGOVIA;
2846;REPOSTERIA ARTESANA DIVINA PASTORA;www.reposteria-artesana.com;CAMINO DE LA ENCERRADA S/N;09272;FRESNO DE RIO TIRON;BURGOS;
10241;CONSERVAS FILITO;www.helios.es;CARRETERA CUELLAR-OLMEDO KM. 23;47430;ISCAR;VALLADOLID;
30560;HORTICOLAS BERMEJO MANSO;www.horticolasbm.es;CARRETERA SEGOVIA 333 KM. 10,5;40216;CHAÑE;SEGOVIA;
31602;EMBUTIDOS VILLALBLANCO;www.embutidosvillalblanco.es;CALLE SAN ISIDRO 2;49630;VILLALPANDO;ZAMORA;
32200;FUENTE HUMORERA;www.santa-gadea.com;CARRETERA INCINILLAS-VALLE DE MANZANEDO KM. 2 C/ REAL S/N;09558;RIOSECO;BURGOS;AUTORIZADO
32502;CARNICAS MULAS;www.carnicasmulas.com;PASEO DOCTOR TORRES VILLARROEL 2  BAJO;37005;SALAMANCA;SALAMANCA;
33646;CHOCOLATES TRAPA;www.trapa.com;AUTOVIA A-62 KM. 90 S/N;34208;SAN ISIDRO DE DUEÑAS;PALENCIA;
34310;HERMANOS RODRIGUEZ RAMOS;www.larosaiberica.com;CALLE CALVO SOTELO 19;37778;CAMPILLO DE SALVATIERRA;SALAMANCA;
36891;LOS HIDALGO JAMON IBERICO;www.jamoneshidalgo.es;CALLE ZAFIRO 2;37770;GUIJUELO;SALAMANCA;
36931;MIEL DE LEON;www.mieldeleon.com;CALLE CANALIZO 20;24250;POBLADURA DE FONTECHA;LEON;
37353;GEJO FERNANDEZ, LUIS CARLOS;;CALLE LOS MACIAS 1  BAJO;49213;FARIZA;ZAMORA;
37833;AMO CONSERVAS;www.amoconservas.com;CALLE JUAN DE TAPIA 2;34450;ASTUDILLO;PALENCIA;
38235;MORCILLAS DE SOTILLO;www.morcillasdesotillo.com;POL. INDUSTRIAL LAS VENTILLAS 49;05420;SOTILLO DE LA ADRADA;AVILA;
38535;MAKEANDO;www.makeandowines.com;CAMINO DE LOS ARCES 14;47130;SIMANCAS;VALLADOLID;
40175;MERMELARTE DEL TIÉTAR;;CARRETERA LA IGLESUELA 6  4º B;05430;ADRADA (LA);AVILA;
40335;LEGUMBRES SANTA SOFIA, S.L.;http://www.legumbresarconada.com;AVENIDA PORTUGAL 42;24750;BAÑEZA (LA);LEON;
144;AGUA DE CORCONTE;www.aguadecorconte.es;CALLE HOZ DE ARREBA S/N;09572;SONCILLO;BURGOS;
335;QUESERIA ARTESANAL CYNARA;www.miqueso.com;CALLE SANTA ALEJANDRA S/N;37230;HINOJOSA DE DUERO;SALAMANCA;
367;BODEGA ANDREA GUTIERREZ FERRERAS;www.bodegasandreagutierrez.com;CARRETERA LA BAÑEZA KM. 13;49618;FUENTE ENCALADA;ZAMORA;
388;BODEGA TIERRA ARANDA;www.vinotierraranda.com;CALLE SAN FRANCISCO;09400;ARANDA DE DUERO;BURGOS;
566;BODEGAS RODERO;www.bodegasrodero.com;CARRETERA BOADA S/N;09314;PEDROSA DE DUERO;BURGOS;
575;BODEGAS SOBREÑO;www.sobreno.com;CARRETERA N-122 KM. 423;49800;TORO;ZAMORA;
758;CARNICAS GREGORIO RODRIGUEZ;www.carnicasgregoriorodriguez.com;CALLE ARRIBA 29;37730;LEDRADA;SALAMANCA;
1207;EMBUTIDOS ARAU;www.embutidosarau.es;CARRETERA LEON-ASTORGA KM. 12;24391;SAN MIGUEL DEL CAMINO;LEON;
1721;HIJOS DE ALBERTO GUTIERREZ;www.dealberto.com;CARRETERA VALDESTILLAS 2;47231;SERRADA;VALLADOLID;AUTORIZADO
2291;HERMI CARNE DE CONEJO;www.grupohermi.com;POL. INDUSTRIAL LA MORA AVDA. LOS ALAMOS 50 51;47193;CISTERNIGA;VALLADOLID;
2383;MORCILLAS LA RIBERA;www.morcillaslaribera.com;CALLE SAN ISIDRO 46;09441;SOTILLO DE LA RIBERA;BURGOS;
2852;REPOSTERIA MONTESORI;www.reposteriamontesori.es;TRAVESIA SABERO-BOÑAR 61;24812;SAELICES DE SABERO;LEON;
2938;BODEGAS RUEDA PEREZ;www.bodegasruedaperez.es;CALLE BOYON 17;47220;POZALDEZ;VALLADOLID;
21875;VALNUT;www.valnut.com;CARRETERA SANTA ESPINA 1;47840;VILLAGARCIA DE CAMPOS;VALLADOLID;
31140;LEGUMBRES UTY;;CARRETERA VIEJA 10;40393;VILLOVELA DE PIRON;SEGOVIA;
31900;REPRESENTACIONES EXCLUSIVAS VILLAGARCIA;www.elpescadordevillagarcia.com;POL. INDUSTRIAL LA MORA C/ PERAL 7 NAVE 2;47193;CISTERNIGA;VALLADOLID;
32860;PANADERIA ARTESANA LABRADOR;www.bwps.es/pupbli/lerma/panaderia-artesana-en-lerma/panaderia-labrador-productos.html;CALLE LOPE DE VEGA 5  ATIC A;09340;LERMA;BURGOS;
33660;CERVEZA MILANA;www.cervezamilana.com;CALLE SANTIBAÑEZ 5;47320;MONTEMAYOR DE PILILLA;VALLADOLID;
35173;EL TURISTA;;CARRETERA LA HINIESTA 3;49192;ROALES;ZAMORA;
40195;TORTILLAS A TU GUSTO;https://www.tortillasatugusto.es;POL. INDUSTRIAL EMILIANO REVILLA, AVDA. SEGOVIA 6;42110;OLVEGA;SORIA;
40455;CARREPRADO;;CALLE TERCIAS 58;34219;ALBA DE CERRATO;PALENCIA;
123;AGROALIMENTARIA DE LA GUAREÑA;www.legumbrestrillo.com;CARRETERA VILLAMOR DE LOS ESCUDEROS S/N;49400;FUENTESAUCO;ZAMORA;
138;QUESOS LAVEGA;www.quesoslavega.com;CARRETERA DE MOSLARES DE LA VEGA KM. 0,4;34126;RENEDO DE LA VEGA;PALENCIA;
154;COBADU;www.cobadu.com;CARRETERA MORALEJA DEL VINO KM. 4;49150;MORALEJA DEL VINO;ZAMORA;
443;BODEGA VOCARRAJE;www.vocarraje.es;CAMINO SAN ROMAN S/N;49810;MORALES DE TORO;ZAMORA;
467;BODEGAS CAMPIÑA;www.bodegascampina.net;CARRETERA TORO-VENIALBO KM. 6,9;49882;VALDEFINJAS;ZAMORA;
563;BODEGAS RIBERA DE PELAZAS;"www.bodegasriberadepelazas.com; www.abadengo.es";CALLE DE LA ERMITA S/N;37175;PEREÑA;SALAMANCA;
710;CANARD;"www.malvasia.com; www.foiegood.com/es/";POL. INDUSTRIAL  LA SOLANILLA S/N;42146;ABEJAR;SORIA;AUTORIZADO
728;CARHESAN;www.carhesan.com;CARRETERA N-110 KM. 282;05540;MUÑANA;AVILA;
859;CAYO RODRIGUEZ;www.cayorodriguez.com;CALLE GUARDIA CIVIL  37;37730;LEDRADA;SALAMANCA;
1090;DE LO NUESTRO ARTESANO;www.delonuestroartesano.com;CARRETERA N-VI KM. 396;24549;CARRACEDELO;LEON;
1116;ORUJOS PANIZO;www.destileriaspanizo.com;CALLE REAL 89;49332;CAMARZANA DE TERA;ZAMORA;
1185;EL COTO RAMOS;www.elcotoramos.es;CAMINO RONJUDIO VALDECABRILLAS S/N APDO. DE CORREOS 12;37770;GUIJUELO;SALAMANCA;
1229;EMBUTIDOS FILI;www.embutidosfili.com;CALLE GUARDIA CIVIL 66;37730;LEDRADA;SALAMANCA;
1367;FERMIN RAMOS;www.ferminramossa.es;PLAZA DEL ALTOZANO 17;37770;GUIJUELO;SALAMANCA;
1846;EMBUTIDOS ELE;www.embutidosele.es;CAMINO DE VILLANUEVA S/N;49192;ROALES;ZAMORA;
2470;PAGOS DE MATANEGRA;www.pagosdematanegra.es;CARRETERA DE SANTA MARIA DEL CAMPO 27;09311;OLMEDILLO DE ROA;BURGOS;
2910;PANADERIA BOLLERIA LOS MELLIZOS;https://panaderialosmellizos.com/;PLAZA POSITO REAL 8;40270;CARBONERO EL MAYOR;SEGOVIA;
2963;S.A.T. SAN PABLO;www.cantaburros.es;CALLE CANTABURROS S/N;09400;ARANDA DE DUERO;BURGOS;
3236;BODEGAS  VALDESNEROS;www.bodegasvaldesneros.com;AVENIDA DE LA PAZ 4;34230;TORQUEMADA;PALENCIA;
3263;VIÑEDOS Y BODEGAS ARTURO GARCIA;www.bodegasarturo.es;CALLE LA ESCUELA  3;24516;PARANDONES (VILLADECANES);LEON;
3276;SANTA TERESA;www.santateresagourmet.com;POL. INDUSTRIAL LAS HERVENCIAS C/ RIO ESLA 50;05004;AVILA;AVILA;
30240;JOALJA PEREZ MORATO;;CALLE MARIA AUXILIADORA 35  9º F;37004;SALAMANCA;SALAMANCA;
31360;BODEGAS VALDEHERMOSO;www.bodegavaldehermoso.com;CARRETERA NAVA DEL REY-RUEDA KM. 12,6;47500;NAVA DEL REY;VALLADOLID;
31940;EMBUTIDOS BURGOS;www.embutidosburgos.es;POL. INDUSTRIAL DE VILLALONQUEJAR C/ LOPEZ BRAVO 43;09001;BURGOS;BURGOS;
33280;EXCLUSIVAS APARICIO;;POL. INDUSTRIAL SEPES, C/ SORGO 28;47100;TORDESILLAS;VALLADOLID;
39575;BOYAMIEL;;CALLE LA ERA 15;49561;BOYA;ZAMORA;
39975;BODEGA VEGA CLARA;https://www.vegaclara.com;BULEVAR ESPIGA 3;47320;TUDELA DE DUERO;VALLADOLID;
